-- phpMyAdmin SQL Dump
-- version 5.1.1
-- https://www.phpmyadmin.net/
--
-- Host: 127.0.0.1:3307
-- Generation Time: May 04, 2023 at 05:55 AM
-- Server version: 10.6.5-MariaDB
-- PHP Version: 7.4.26

SET SQL_MODE = "NO_AUTO_VALUE_ON_ZERO";
START TRANSACTION;
SET time_zone = "+00:00";


/*!40101 SET @OLD_CHARACTER_SET_CLIENT=@@CHARACTER_SET_CLIENT */;
/*!40101 SET @OLD_CHARACTER_SET_RESULTS=@@CHARACTER_SET_RESULTS */;
/*!40101 SET @OLD_COLLATION_CONNECTION=@@COLLATION_CONNECTION */;
/*!40101 SET NAMES utf8mb4 */;

--
-- Database: `campus_hires`
--

-- --------------------------------------------------------

--
-- Table structure for table `add_members`
--

DROP TABLE IF EXISTS `add_members`;
CREATE TABLE IF NOT EXISTS `add_members` (
  `id` bigint(20) UNSIGNED NOT NULL AUTO_INCREMENT,
  `code` varchar(255) NOT NULL,
  `email` varchar(255) NOT NULL,
  `positionId` int(10) UNSIGNED NOT NULL,
  `roleId` int(10) UNSIGNED NOT NULL,
  `createdAt` datetime NOT NULL,
  `updatedAt` datetime NOT NULL,
  PRIMARY KEY (`id`),
  UNIQUE KEY `code` (`code`),
  UNIQUE KEY `add_members_email_position_id` (`email`,`positionId`)
) ENGINE=InnoDB AUTO_INCREMENT=191 DEFAULT CHARSET=latin1;

--
-- Dumping data for table `add_members`
--

INSERT INTO `add_members` (`id`, `code`, `email`, `positionId`, `roleId`, `createdAt`, `updatedAt`) VALUES
(36, 'e76875dd7612de2699f8163e6b7ae32a56827820', 'zmarium4@gmail.com', 5, 4, '2022-08-19 05:57:36', '2022-08-19 05:57:36'),
(45, 'be2aad96bb7417f78a4429456fdb7802b620f136', 'ankit.khanduri@litehires.com', 8, 2, '2022-08-19 06:03:34', '2022-08-19 06:03:34'),
(120, 'd260509de43608893c2c55b0d55ca738e48671c6', 'sunny.verma81201@gmail.com', 1, 2, '2022-08-19 06:50:53', '2022-08-19 06:50:53'),
(147, 'a122', 'sameer@haldivita.com', 5, 4, '2022-08-19 08:29:03', '2022-08-19 08:29:03'),
(153, '898f', 'howtoprakhar@gmail.com', 1, 2, '2022-08-19 08:46:17', '2022-08-19 08:46:17'),
(155, '03d0', 'vermasunny224@gmail.com', 1, 2, '2022-08-19 08:48:09', '2022-08-19 08:48:09'),
(158, '7c52c11d124e55c62965', 'ankit.khanduri@litehires.com', 5, 4, '2022-08-20 05:07:24', '2022-08-20 05:07:24'),
(160, 'dac0ede6508170635739', 'ankitkhanduri88@gmail.com', 5, 4, '2022-08-20 05:07:48', '2022-08-20 05:07:48'),
(167, 'b736a17ffd0e9a67e8d9', 'ankit@haldivita.com', 5, 4, '2022-08-20 07:33:37', '2022-08-20 07:33:37'),
(168, '5e5dedec28b7050a05da', 'kranti@10jobs.co.in', 4, 2, '2022-08-24 12:15:27', '2022-08-24 12:15:27'),
(169, 'ffafc1a3cff7e126ce11', 'kranti@10jobs.co.in', 12, 2, '2022-08-24 12:18:27', '2022-08-24 12:18:27'),
(170, '3b656acf8bf073389488', 'sujatabali28@gmail.com', 12, 2, '2022-08-24 12:18:47', '2022-08-24 12:18:47'),
(171, '4cc805c4366d4671b882', 'ankit@haldivita.com', 9, 3, '2022-08-24 15:52:47', '2022-08-24 15:52:47'),
(172, 'a51ac84eb29c02761f52', 'tushar@gmail.com', 1, 1, '2022-08-26 07:52:36', '2022-08-26 07:52:36'),
(173, '8a23c9e84c9d49674bff', '2305tushar@gmail.com', 1, 1, '2022-08-28 10:14:04', '2022-08-28 10:14:04'),
(174, '4e45f0e48db1cb375b62fbf303c5391677cbc637', 'ankit.khanduri@litehires.com', 7, 4, '2022-08-29 09:52:54', '2022-08-29 09:52:54'),
(175, '5c3168900c4d535dd466', 'dilshadthegreat@gmail.com', 16, 4, '2022-09-17 09:16:32', '2022-09-17 09:16:32'),
(178, '70dc5cb062d3af87e617', 'test@gmail.com', 9, 4, '2022-09-22 16:36:20', '2022-09-22 16:36:20'),
(179, 'c2131b19e2180bc3a4fe', 'ankit.khanduri@litehires.com', 18, 4, '2022-09-23 16:02:04', '2022-09-23 16:02:04'),
(180, 'bc4f29e5c330733ef736', '2000prakharsingh@gmail.com', 9, 1, '2022-09-26 16:28:10', '2022-09-26 16:28:10'),
(182, 'b241b00c3f63231ea137', '2000prakharsingh@gmail.com', 22, 4, '2022-09-27 14:41:40', '2022-09-27 14:41:40'),
(183, 'ddf83b3c5256b218e388', 'ankit@haldivita.com', 7, 4, '2022-09-28 05:21:02', '2022-09-28 05:21:02'),
(185, '991e12b58f299e283b90', 'ankit.khanduri@litehires.com', 25, 4, '2022-10-11 06:11:46', '2022-10-11 06:11:46'),
(187, '546c7b17ae09c3158416', 'ankit.khanduri@haldivita.com', 17, 4, '2022-10-13 06:14:03', '2022-10-13 06:14:03'),
(188, '47db7b5cf7a76be739b9', 'sunilghodewan1@gmail.com', 17, 2, '2022-10-13 06:16:27', '2022-10-13 06:16:27'),
(189, 'f830ab9e742d46e13b49', 'support@litehires.com', 25, 4, '2022-11-01 12:05:57', '2022-11-01 12:05:57'),
(190, '1dc7b546fb0bb9a40beb', 'info@growthhubconsultants.com', 25, 2, '2022-11-04 09:55:29', '2022-11-04 09:55:29');

-- --------------------------------------------------------

--
-- Table structure for table `calendars`
--

DROP TABLE IF EXISTS `calendars`;
CREATE TABLE IF NOT EXISTS `calendars` (
  `id` bigint(20) UNSIGNED NOT NULL AUTO_INCREMENT,
  `name` varchar(255) NOT NULL,
  `userId` int(10) UNSIGNED NOT NULL,
  `des` varchar(255) NOT NULL,
  `start` datetime NOT NULL,
  `end` datetime NOT NULL,
  `createdAt` datetime NOT NULL,
  `updatedAt` datetime NOT NULL,
  PRIMARY KEY (`id`)
) ENGINE=InnoDB AUTO_INCREMENT=92 DEFAULT CHARSET=latin1;

--
-- Dumping data for table `calendars`
--

INSERT INTO `calendars` (`id`, `name`, `userId`, `des`, `start`, `end`, `createdAt`, `updatedAt`) VALUES
(1, 'dasd', 3, '', '2022-09-01 15:47:00', '2022-08-25 18:50:00', '2022-08-17 08:16:09', '2022-08-17 08:16:09'),
(2, 'dasd', 3, '', '2022-09-01 15:47:00', '2022-08-25 18:50:00', '2022-08-17 08:16:11', '2022-08-17 08:16:11'),
(3, 'dasd', 3, '', '2022-09-01 15:47:00', '2022-08-25 18:50:00', '2022-08-17 08:16:11', '2022-08-17 08:16:11'),
(4, 'dasd', 3, '', '2022-09-01 15:47:00', '2022-08-25 18:50:00', '2022-08-17 08:16:11', '2022-08-17 08:16:11'),
(5, 'dasd', 3, '', '2022-09-01 15:47:00', '2022-08-25 18:50:00', '2022-08-17 08:16:11', '2022-08-17 08:16:11'),
(9, 'Fullstack - Devender', 3, '', '2022-08-25 09:30:00', '2022-08-25 04:30:00', '2022-08-18 11:16:44', '2022-08-18 11:16:44'),
(10, 'Fullstack - Devender', 3, '', '2022-08-25 09:30:00', '2022-08-25 04:30:00', '2022-08-18 11:16:45', '2022-08-18 11:16:45'),
(11, 'Fullstack - Devender', 3, '', '2022-08-25 09:30:00', '2022-08-25 04:30:00', '2022-08-18 11:16:45', '2022-08-18 11:16:45'),
(12, 'Fullstack - Devender', 3, '', '2022-08-25 09:30:00', '2022-08-25 04:30:00', '2022-08-18 11:16:45', '2022-08-18 11:16:45'),
(13, 'Fullstack - Devender', 3, '', '2022-08-25 09:30:00', '2022-08-25 04:30:00', '2022-08-18 11:16:46', '2022-08-18 11:16:46'),
(14, 'Fullstack - Devender', 3, '', '2022-08-25 09:30:00', '2022-08-25 04:30:00', '2022-08-18 11:16:46', '2022-08-18 11:16:46'),
(16, 'Fullstack - Ankit', 3, '', '2022-08-20 10:00:00', '2022-08-20 05:00:00', '2022-08-19 03:41:10', '2022-08-19 03:41:10'),
(17, 'Fullstack - Ankit', 3, '', '2022-08-20 10:00:00', '2022-08-20 05:00:00', '2022-08-19 03:41:13', '2022-08-19 03:41:13'),
(18, 'Fullstack - Ankit', 3, '', '2022-08-20 10:00:00', '2022-08-20 05:00:00', '2022-08-19 03:41:13', '2022-08-19 03:41:13'),
(19, 'Fullstack - Ankit', 3, '', '2022-08-20 10:00:00', '2022-08-20 05:00:00', '2022-08-19 03:41:13', '2022-08-19 03:41:13'),
(20, 'Fullstack - Ankit', 3, '', '2022-08-20 10:00:00', '2022-08-20 05:00:00', '2022-08-19 03:41:13', '2022-08-19 03:41:13'),
(21, 'BDE: LITEHIRES GLOBAL PRIVATE LIMITED', 4, '2ND ROUND', '2022-08-20 11:45:00', '2022-08-20 06:30:00', '2022-08-19 08:12:08', '2022-08-19 08:12:08'),
(22, 'Fullstack developer interview', 3, '', '2022-08-26 09:00:00', '2022-08-26 04:00:00', '2022-08-19 15:22:48', '2022-08-19 15:22:48'),
(23, 'Fullstack developer interview', 3, '', '2022-08-26 09:00:00', '2022-08-26 04:00:00', '2022-08-19 15:22:51', '2022-08-19 15:22:51'),
(24, 'BDE HALDIVITA', 4, '2ND ROUND ', '2022-08-22 12:00:00', '2022-08-22 07:00:00', '2022-08-20 08:07:04', '2022-08-20 08:07:04'),
(27, 'SALES EXECUTIVE interview   (Abhishek Saini)', 10, '', '2022-08-22 16:00:00', '2022-08-22 10:45:00', '2022-08-22 10:26:41', '2022-08-22 10:26:41'),
(28, 'SALES EXECUTIVE interview   (Abhishek Saini)', 10, '', '2022-08-23 12:00:00', '2022-08-23 06:45:00', '2022-08-23 06:21:18', '2022-08-23 06:21:18'),
(29, 'SALES EXECUTIVE interview   (ARYAN ARORA)', 10, '2md round', '2022-08-23 15:13:00', '2022-08-23 10:13:00', '2022-08-23 09:06:08', '2022-08-23 09:06:08'),
(30, 'test pos interview   (Tushar Sharma)', 15, 'hhhh', '2022-09-01 17:00:00', '2022-09-01 11:45:00', '2022-08-28 10:20:48', '2022-08-28 10:20:48'),
(32, 'ECOMMERCE MANAGER interview   (Saurabh Bindoliya)', 10, '', '2022-08-30 07:02:00', '2022-08-30 01:47:00', '2022-08-29 00:32:00', '2022-08-29 00:32:00'),
(33, 'TALENT ACQUISITION EXECUTIVE interview   (SyedAzhar Sultan)', 4, '', '2022-08-29 15:32:00', '2022-08-29 10:17:00', '2022-08-29 08:45:28', '2022-08-29 08:45:28'),
(34, 'TALENT ACQUISITION EXECUTIVE interview   (Ayush Rathore)', 4, '', '2022-08-30 11:00:00', '2022-08-30 06:00:00', '2022-08-29 08:47:05', '2022-08-29 08:47:05'),
(35, 'test position interview   (Tushar Sharma)', 7, '', '2022-09-11 15:52:00', '2022-09-11 10:37:00', '2022-08-29 10:22:37', '2022-08-29 10:22:37'),
(37, 'SALES EXECUTIVE interview   (Nitin Gupta)', 4, '2nd round', '2022-09-02 11:00:00', '2022-09-02 06:00:00', '2022-08-30 07:31:43', '2022-08-30 07:31:43'),
(38, 'SALES EXECUTIVE interview   (Nitin Gupta)', 10, '2nd round', '2022-09-02 11:00:00', '2022-09-02 06:00:00', '2022-08-30 07:31:43', '2022-08-30 07:31:43'),
(39, 'SALES EXECUTIVE interview   (ABHINAV Kumar)', 10, '2nd round', '2022-09-01 16:30:00', '2022-09-01 11:15:00', '2022-09-01 10:28:51', '2022-09-01 10:28:51'),
(40, 'SALES EXECUTIVE interview   (Abhishek Saini)', 10, 'key accounts executive', '2022-09-01 16:15:00', '2022-09-01 11:00:00', '2022-09-01 10:30:01', '2022-09-01 10:30:01'),
(41, 'test position interview   (Rocket rock)', 15, 'Technical Interview', '2022-03-09 17:30:00', '2022-03-09 12:15:00', '2022-09-02 12:50:17', '2022-09-02 12:50:17'),
(42, 'test position interview   (Rocket rock)', 15, 'Technical interview', '2022-09-03 17:30:00', '2022-09-03 12:15:00', '2022-09-02 12:52:05', '2022-09-02 12:52:05'),
(43, 'SALES EXECUTIVE interview   (Raj Kishor)', 10, 'Orientation', '2022-09-16 13:00:00', '2022-09-16 08:30:00', '2022-09-15 08:08:24', '2022-09-15 08:08:24'),
(44, 'SALES EXECUTIVE interview   (MD SALMAN)', 10, '', '2022-09-15 16:00:00', '2022-09-15 11:00:00', '2022-09-15 10:04:57', '2022-09-15 10:04:57'),
(45, 'SALES EXECUTIVE interview   (Nitesh Kumar)', 10, '', '2022-09-16 11:00:00', '2022-09-16 06:00:00', '2022-09-15 10:26:32', '2022-09-15 10:26:32'),
(46, 'SALES EXECUTIVE interview   (Nitin Gupta)', 10, '', '2022-09-16 12:00:00', '2022-09-16 07:00:00', '2022-09-15 11:36:30', '2022-09-15 11:36:30'),
(47, 'SALES EXECUTIVE interview   (Test canididate)', 10, '', '2022-09-17 09:00:00', '2022-09-17 03:45:00', '2022-09-16 01:35:40', '2022-09-16 01:35:40'),
(48, 'SALES EXECUTIVE interview   (Md JamalAkhtar)', 10, '', '2022-09-16 16:00:00', '2022-09-16 10:45:00', '2022-09-16 06:22:13', '2022-09-16 06:22:13'),
(49, 'SALES EXECUTIVE interview   (PRAKASH ROY)', 10, '', '2022-09-16 12:30:00', '2022-09-16 07:15:00', '2022-09-16 06:33:28', '2022-09-16 06:33:28'),
(50, 'SALES EXECUTIVE interview   (Nitesh Kumar)', 10, '', '2022-09-19 12:00:00', '2022-09-19 06:45:00', '2022-09-16 06:46:31', '2022-09-16 06:46:31'),
(51, 'SALES EXECUTIVE interview   (MANISH JAIN)', 10, '', '2022-09-19 11:00:00', '2022-09-19 05:45:00', '2022-09-16 08:40:22', '2022-09-16 08:40:22'),
(52, 'SALES EXECUTIVE interview   (VIKRAM PRATAP)', 10, '', '2022-09-16 16:00:00', '2022-09-16 10:45:00', '2022-09-16 10:08:19', '2022-09-16 10:08:19'),
(54, 'GET interview   (Rocket rocks)', 30, 'Technical interview', '2022-09-23 17:00:00', '2022-09-23 12:00:00', '2022-09-22 07:05:03', '2022-09-22 07:05:03'),
(55, 'test interview   (test test)', 26, '', '2022-09-23 10:00:00', '2022-09-23 10:15:00', '2022-09-22 16:07:26', '2022-09-22 16:07:26'),
(56, 'test interview   (test test)', 29, '', '2022-09-23 10:00:00', '2022-09-23 10:15:00', '2022-09-22 16:50:23', '2022-09-22 16:50:23'),
(57, 'test interview   (test test)', 33, '', '2022-09-24 09:00:00', '2022-09-24 09:15:00', '2022-09-23 16:05:24', '2022-09-23 16:05:24'),
(58, 'test interview   (test test)', 33, '', '2022-09-24 09:00:00', '2022-09-24 09:15:00', '2022-09-23 16:10:06', '2022-09-23 16:10:06'),
(59, 'new test job interview   (Test Test)', 17, '', '2022-09-25 09:00:00', '2022-09-25 09:15:00', '2022-09-24 06:27:55', '2022-09-24 06:27:55'),
(60, 'test interview   (test test)', 29, '', '2022-09-27 03:30:00', '2022-09-27 03:45:00', '2022-09-26 01:13:28', '2022-09-26 01:13:28'),
(61, 'test interview   (test test)', 29, '', '2022-09-27 03:30:00', '2022-09-27 03:45:00', '2022-09-26 01:15:11', '2022-09-26 01:15:11'),
(66, 'SALES EXECUTIVE interview   (Sanjay Singh)', 10, '', '2022-09-28 04:30:00', '2022-09-28 04:45:00', '2022-09-27 09:50:57', '2022-09-27 09:50:57'),
(67, 'test interview   (test test)', 29, '', '2022-09-28 03:30:00', '2022-09-28 03:45:00', '2022-09-27 14:38:55', '2022-09-27 14:38:55'),
(68, 'test interview   (Prakhar singh)', 29, '', '2022-09-28 03:30:00', '2022-09-28 03:45:00', '2022-09-27 14:44:21', '2022-09-27 14:44:21'),
(69, 'test interview   (test test)', 29, '', '2022-10-06 03:30:00', '2022-10-06 03:45:00', '2022-10-05 06:29:49', '2022-10-05 06:29:49'),
(70, 'new test job interview   (Test Test)', 17, '', '2022-11-09 06:30:00', '2022-11-09 06:45:00', '2022-11-01 11:40:56', '2022-11-01 11:40:56'),
(71, 'BUSINESS DEVELOPMENT EXECUTIVE interview   (Owais Owais)', 3, '', '2022-11-05 16:30:00', '2022-11-05 16:45:00', '2022-11-04 12:33:08', '2022-11-04 12:33:08'),
(72, 'BUSINESS DEVELOPMENT EXECUTIVE interview   (Owais Owais)', 20, '', '2022-11-05 16:30:00', '2022-11-05 16:45:00', '2022-11-04 12:33:08', '2022-11-04 12:33:08'),
(73, 'BUSINESS DEVELOPMENT EXECUTIVE interview   (Satyam jha)', 20, '', '2022-11-05 16:30:00', '2022-11-05 16:45:00', '2022-11-04 12:44:13', '2022-11-04 12:44:13'),
(74, 'BUSINESS DEVELOPMENT EXECUTIVE interview   (Satyam jha)', 3, '', '2022-11-05 16:30:00', '2022-11-05 16:45:00', '2022-11-04 12:44:13', '2022-11-04 12:44:13'),
(75, 'BUSINESS DEVELOPMENT EXECUTIVE interview   (Rohit Singh)', 3, '', '2022-11-05 06:30:00', '2022-11-05 06:45:00', '2022-11-04 12:53:11', '2022-11-04 12:53:11'),
(76, 'BUSINESS DEVELOPMENT EXECUTIVE interview   (Rohit Singh)', 20, '', '2022-11-05 06:30:00', '2022-11-05 06:45:00', '2022-11-04 12:53:11', '2022-11-04 12:53:11'),
(77, 'BUSINESS DEVELOPMENT EXECUTIVE interview   (Rahul Dhakad)', 20, '', '2022-11-08 06:30:00', '2022-11-08 06:45:00', '2022-11-07 07:18:20', '2022-11-07 07:18:20'),
(78, 'BUSINESS DEVELOPMENT EXECUTIVE interview   (Rahul Dhakad)', 3, '', '2022-11-08 06:30:00', '2022-11-08 06:45:00', '2022-11-07 07:18:20', '2022-11-07 07:18:20'),
(79, 'BUSINESS DEVELOPMENT EXECUTIVE interview   (Devendra Singh)', 20, '', '2022-11-08 06:30:00', '2022-11-08 06:45:00', '2022-11-07 07:21:54', '2022-11-07 07:21:54'),
(80, 'BUSINESS DEVELOPMENT EXECUTIVE interview   (Devendra Singh)', 3, '', '2022-11-08 06:30:00', '2022-11-08 06:45:00', '2022-11-07 07:21:54', '2022-11-07 07:21:54'),
(81, 'BUSINESS DEVELOPMENT EXECUTIVE interview   (Anukool Saxena)', 20, '', '2022-11-09 06:30:00', '2022-11-09 06:45:00', '2022-11-07 08:02:51', '2022-11-07 08:02:51'),
(82, 'BUSINESS DEVELOPMENT EXECUTIVE interview   (Anukool Saxena)', 3, '', '2022-11-09 06:30:00', '2022-11-09 06:45:00', '2022-11-07 08:02:51', '2022-11-07 08:02:51'),
(83, 'BUSINESS DEVELOPMENT EXECUTIVE interview   (Harshita Singh)', 3, '', '2022-11-09 06:30:00', '2022-11-09 07:00:00', '2022-11-07 10:22:38', '2022-11-07 10:22:38'),
(84, 'BUSINESS DEVELOPMENT EXECUTIVE interview   (Harshita Singh)', 20, '', '2022-11-09 06:30:00', '2022-11-09 07:00:00', '2022-11-07 10:22:38', '2022-11-07 10:22:38'),
(85, 'BUSINESS DEVELOPMENT EXECUTIVE interview   (Gourav Tripathi)', 20, '', '2022-11-08 06:30:00', '2022-11-08 07:00:00', '2022-11-07 10:23:21', '2022-11-07 10:23:21'),
(86, 'BUSINESS DEVELOPMENT EXECUTIVE interview   (Gourav Tripathi)', 3, '', '2022-11-08 06:30:00', '2022-11-08 07:00:00', '2022-11-07 10:23:21', '2022-11-07 10:23:21'),
(87, 'BUSINESS DEVELOPMENT EXECUTIVE interview   (Sneha sneha)', 20, '', '2022-11-08 06:30:00', '2022-11-08 07:00:00', '2022-11-07 11:58:33', '2022-11-07 11:58:33'),
(88, 'BUSINESS DEVELOPMENT EXECUTIVE interview   (Sneha sneha)', 3, '', '2022-11-08 06:30:00', '2022-11-08 07:00:00', '2022-11-07 11:58:33', '2022-11-07 11:58:33'),
(89, 'BUSINESS DEVELOPMENT EXECUTIVE interview   (Pallavi Tiwai)', 20, '', '2022-11-09 06:30:00', '2022-11-09 06:45:00', '2022-11-07 11:59:23', '2022-11-07 11:59:23'),
(90, 'BUSINESS DEVELOPMENT EXECUTIVE interview   (Pallavi Tiwai)', 3, '', '2022-11-09 06:30:00', '2022-11-09 06:45:00', '2022-11-07 11:59:23', '2022-11-07 11:59:23'),
(91, 'BUSINESS DEVELOPMENT EXECUTIVE interview   (Aarchi Jain)', 3, 'LITEHIRES BDE', '2022-11-09 07:15:00', '2022-11-09 07:30:00', '2022-11-09 07:07:39', '2022-11-09 07:07:39');

-- --------------------------------------------------------

--
-- Table structure for table `candidates`
--

DROP TABLE IF EXISTS `candidates`;
CREATE TABLE IF NOT EXISTS `candidates` (
  `id` int(10) UNSIGNED NOT NULL AUTO_INCREMENT,
  `positionId` int(10) UNSIGNED NOT NULL,
  `userId` int(10) UNSIGNED NOT NULL,
  `priority` int(10) UNSIGNED NOT NULL DEFAULT 0,
  `status` varchar(255) NOT NULL DEFAULT 'APPLIED',
  `gender` enum('MALE','FEMALE','OTHERS') DEFAULT 'MALE',
  `first_name` varchar(255) NOT NULL,
  `last_name` varchar(255) NOT NULL,
  `email` varchar(255) NOT NULL,
  `phone_no` double UNSIGNED NOT NULL,
  `newPosition` varchar(255) DEFAULT NULL,
  `skill` varchar(255) NOT NULL,
  `currentCtc` float UNSIGNED NOT NULL,
  `expectedCtc` float UNSIGNED NOT NULL,
  `location` varchar(255) NOT NULL,
  `rtc` tinyint(1) DEFAULT 0,
  `experience` float UNSIGNED NOT NULL,
  `notice` tinyint(1) DEFAULT 0,
  `unemployed` tinyint(1) DEFAULT 0,
  `lastDay` date DEFAULT NULL,
  `currentCompany` varchar(255) DEFAULT NULL,
  `offerInHand` tinyint(1) DEFAULT 0,
  `newCompany` varchar(255) DEFAULT NULL,
  `newOffer` float UNSIGNED DEFAULT NULL,
  `img` varchar(255) DEFAULT NULL,
  `resume` varchar(255) DEFAULT NULL,
  `createdAt` datetime NOT NULL,
  `updatedAt` datetime NOT NULL,
  PRIMARY KEY (`id`)
) ENGINE=InnoDB AUTO_INCREMENT=208 DEFAULT CHARSET=latin1;

--
-- Dumping data for table `candidates`
--

INSERT INTO `candidates` (`id`, `positionId`, `userId`, `priority`, `status`, `gender`, `first_name`, `last_name`, `email`, `phone_no`, `newPosition`, `skill`, `currentCtc`, `expectedCtc`, `location`, `rtc`, `experience`, `notice`, `unemployed`, `lastDay`, `currentCompany`, `offerInHand`, `newCompany`, `newOffer`, `img`, `resume`, `createdAt`, `updatedAt`) VALUES
(2, 3, 3, 0, 'FEEDBACK', 'MALE', 'test', 'asasd', 'adsa@gmail.com', 3453534534, 'SdE', '', 13, 15, 'lkdsald', 0, 5, 0, 1, NULL, NULL, 0, NULL, NULL, NULL, 'resume-1660724071603-552463245.pdf', '2022-08-17 08:14:05', '2022-11-07 07:46:43'),
(8, 5, 4, 5, 'INTERVIEW', 'MALE', 'ABHINAV', 'Kumar', 'abhinavtextile3@gmail.com', 9453160206, 'Bdo', '', 3.6, 5, 'new delhi', 0, 4, 0, 1, NULL, NULL, 0, NULL, NULL, NULL, 'resume-1662028025412-236227446.docx', '2022-08-18 08:14:23', '2022-09-20 17:24:44'),
(9, 5, 4, 10, 'DISQUALIFIED', 'MALE', 'Mohd', 'Aasif', 'aasifhussain495@gmail.com', 9813657059, 'sales executive', '', 2.04, 2.4, 'new delhi', 0, 0.7, 0, 1, NULL, NULL, 0, NULL, NULL, NULL, 'resume-1660810742563-299058987.pdf', '2022-08-18 08:18:49', '2022-08-22 08:16:14'),
(10, 5, 4, 15, 'DISQUALIFIED', 'MALE', 'Mahendra', 'HALDAR', 'E-MAIL-mahendrahaldar007@gmail.com', 8700860318, 'sales executive', '', 1.85, 2.4, 'new delhi', 0, 3, 0, 1, NULL, NULL, 0, NULL, NULL, NULL, 'resume-1660811092631-147844136.pdf', '2022-08-18 08:24:38', '2022-08-31 06:45:52'),
(11, 5, 4, 14, 'DISQUALIFIED', 'MALE', 'Sahil', 'Duhan', 'sahilduhan439@gmail.com', 9518488879, 'business development executive', '', 0, 1.8, 'new delhi', 0, 0, 0, 1, NULL, NULL, 0, NULL, NULL, NULL, 'resume-1660811571266-533126062.pdf', '2022-08-18 08:32:39', '2022-09-01 10:30:24'),
(12, 5, 4, 2, 'DISQUALIFIED', 'MALE', 'Abhishek', 'Saini', 'Asaini156@gmail.com', 9694362596, 'Key Account Executive', '', 2.88, 3.6, 'new delhi', 0, 8, 0, 1, NULL, NULL, 0, NULL, NULL, NULL, 'resume-1660811995229-214624424.pdf', '2022-08-18 08:39:41', '2022-09-29 06:36:46'),
(13, 5, 4, 13, 'DISQUALIFIED', 'MALE', 'Shaan', 'PArihar', 'shaanxparihar@gmail.com', 8851396114, 'Sales executive', '', 0, 1.88, 'new delhi', 0, 0, 0, 1, NULL, NULL, 0, NULL, NULL, NULL, 'resume-1660812301293-757833199.pdf', '2022-08-18 08:44:50', '2022-08-30 07:58:20'),
(14, 7, 4, 25, 'DISQUALIFIED', 'MALE', 'HIMANSHU', 'SAEMWAL', 'HR@HALDIVITA.COM', 9350054344, 'BDE', '', 2.16, 2.4, 'FARIDABAD', 0, 2, 0, 1, NULL, NULL, 0, NULL, NULL, NULL, NULL, '2022-08-19 08:09:51', '2022-08-29 07:41:52'),
(16, 7, 4, 15, 'DISQUALIFIED', 'FEMALE', 'jasleen', 'kaur', 'jasleenkaurandra6@gmail.com', 8937902382, 'bde', '', 3.36, 4.5, 'JALANDHAR', 0, 2, 0, 1, NULL, NULL, 0, NULL, NULL, NULL, NULL, '2022-08-19 08:43:42', '2022-09-27 06:58:58'),
(17, 7, 4, 21, 'DISQUALIFIED', 'FEMALE', 'Manisha', 'Mall', 'Mansi.sublime@gmail.com', 9027303632, 'TAE', '', 2, 2.4, 'DEHRADUN', 0, 1, 0, 1, NULL, NULL, 0, NULL, NULL, NULL, NULL, '2022-08-19 11:38:41', '2022-08-29 09:49:19'),
(18, 7, 4, 23, 'DISQUALIFIED', 'MALE', 'VAIBHAV', 'THAKRAN', 'vaibhavthakran8@gmail.com', 8368188072, 'BD INTERN', '', 0, 1.2, 'GURUGRAM', 0, 1, 0, 1, NULL, NULL, 0, NULL, NULL, NULL, 'resume-1660910651558-398614666.pdf', '2022-08-19 12:03:46', '2022-08-29 07:28:33'),
(19, 7, 4, 9, 'DISQUALIFIED', 'MALE', 'KRISHAN', 'KumarSaini', 'masterkrishna.5055@gmail.com', 7417844531, 'Talent Acqisition', '', 2, 3, 'Bijnor, UP', 0, 0, 0, 1, NULL, NULL, 0, NULL, NULL, NULL, 'resume-1660977568280-245524865.pdf', '2022-08-20 06:39:09', '2022-09-27 09:10:44'),
(20, 5, 4, 12, 'DISQUALIFIED', 'MALE', 'GULAB', 'HUSSAIN', 'hussaingulab7@gmail.co', 9599547887, 'SALES MANAGER', '', 4.44, 4.44, 'NOIDA', 0, 3, 1, 1, '2022-08-31', 'MIRIC BIOTECH', 0, NULL, NULL, NULL, 'resume-1660978159450-858971106.pdf', '2022-08-20 06:49:06', '2022-08-22 08:14:40'),
(21, 7, 4, 12, 'DISQUALIFIED', 'FEMALE', 'Jahnavi', 'Srinet', 'jahnavisrinet05@gmail.com', 9599442871, 'Talent Acquisition', '', 4, 4.5, 'Delhi', 0, 1, 0, 1, NULL, NULL, 0, NULL, NULL, NULL, 'resume-1660978859266-662662598.pdf', '2022-08-20 07:00:43', '2022-09-27 06:47:08'),
(22, 7, 4, 24, 'DISQUALIFIED', 'FEMALE', 'Meenal', 'Agrawal', 'agrawalmeenal99@gmail.com', 9455426642, 'Talent Acquisition', '', 2, 3, 'Prayagraj', 0, 0, 0, 1, NULL, NULL, 0, NULL, NULL, NULL, 'resume-1660979138402-283688057.pdf', '2022-08-20 07:05:30', '2022-08-23 06:18:45'),
(23, 7, 4, 22, 'DISQUALIFIED', 'MALE', 'Mohd', 'Asif', 'asifalig838@gmail.com', 7248616966, 'Talent Acquisition', '', 2, 3, 'Delhi', 0, 0, 0, 1, NULL, NULL, 0, NULL, NULL, NULL, 'resume-1660979643080-211119722.pdf', '2022-08-20 07:13:56', '2022-08-29 09:49:11'),
(24, 7, 4, 27, 'DISQUALIFIED', 'MALE', 'Shivansh', 'Tyagi', 'shivanshtyagi4899@gmail.com', 9997554367, 'Talent Acquisition', '', 2, 3, 'Meerut', 0, 0, 0, 1, NULL, NULL, 0, NULL, NULL, NULL, 'resume-1660980086723-766120638.pdf', '2022-08-20 07:21:08', '2022-08-23 06:19:31'),
(25, 7, 4, 26, 'DISQUALIFIED', 'FEMALE', 'Simran', 'Kaur', 'simmibhullar97@gmail.com', 8800831884, 'Talent Acquisition', '', 3.6, 4, 'Pitampura, Delhi', 0, 2, 0, 1, NULL, NULL, 0, NULL, NULL, NULL, 'resume-1660980354432-455179743.pdf', '2022-08-20 07:25:46', '2022-08-23 06:20:00'),
(26, 5, 4, 7, 'DISQUALIFIED', 'MALE', 'ARYAN', 'ARORA', 'aroraaryan793@gmail.com', 8307673175, 'SALES OFFICER', '', 2.4, 3, 'NORTH DELHI', 0, 3, 1, 1, '2022-08-31', 'NIVEA', 0, NULL, NULL, NULL, 'resume-1661245636644-729741372.pdf', '2022-08-20 07:30:11', '2022-09-15 08:09:48'),
(27, 5, 4, 8, 'DISQUALIFIED', 'MALE', 'LALIT', 'GOLA', 'lalitgola1212@gmail.com', 7210283608, 'SALES OFFICER', '', 2.64, 2.88, 'DELHI', 0, 0.5, 0, 1, NULL, NULL, 0, NULL, NULL, NULL, 'resume-1660981753588-348750206.pdf', '2022-08-20 07:48:58', '2022-09-15 07:10:47'),
(31, 11, 4, 0, 'APPLIED', 'FEMALE', 'Divyanshi', 'Oberoi', 'oberoideepu1@gmail.com', 7042055692, 'React native app developer', '', 1, 2, 'Delhi', 0, 0, 0, 1, NULL, NULL, 0, NULL, NULL, NULL, 'resume-1661167123822-401419183.pdf', '2022-08-22 11:18:29', '2022-08-22 11:18:43'),
(32, 11, 4, 0, 'APPLIED', 'MALE', 'Dablu', 'Kumar', 'dablugupta7739@gmail.com', 7739688360, 'React native developer', '', 1, 2, 'Sec-62, Noida', 0, 0, 0, 1, NULL, NULL, 0, NULL, NULL, NULL, 'resume-1661168711974-806721446.pdf', '2022-08-22 11:43:08', '2022-08-22 11:45:11'),
(33, 11, 4, 0, 'APPLIED', 'MALE', 'Ritesh', 'Choudhary', 'riteshchoudhary971147@gmail.com', 9318474605, 'React native developer', '', 1, 2, 'Faridabad', 0, 0, 0, 1, NULL, NULL, 0, NULL, NULL, NULL, 'resume-1661169188849-67589790.pdf', '2022-08-22 11:52:56', '2022-08-22 11:53:08'),
(36, 11, 4, 0, 'APPLIED', 'MALE', 'Gaurav', 'Sahu', 'Sahugaurav679@gmail.co', 9654926796, 'Talent Acquisition Executive', '', 0, 1.2, 'Paschim vihar', 0, 0, 0, 1, NULL, NULL, 0, NULL, NULL, NULL, 'resume-1661256760327-150255972.pdf', '2022-08-23 12:09:50', '2022-08-23 12:12:40'),
(37, 1, 13, 0, 'APPLIED', 'OTHERS', 'test', 'Candidate', 'testextcandidate@gmail.com', 2345678901, 'test', '', 2, 3, 'meerut', 0, 3, 0, 1, NULL, NULL, 0, NULL, NULL, NULL, 'resume-1661343373461-43288588.pdf', '2022-08-24 12:15:05', '2022-11-08 11:54:20'),
(40, 2, 6, 0, 'FEEDBACK', 'MALE', 'dfsajjg', 'hgcvn', 'vermasunny224@gmail.com', 9632587412, 'saf', '', 6, 55, 'sdf', 0, 3, 0, 1, NULL, NULL, 0, NULL, NULL, NULL, NULL, '2022-08-26 09:40:36', '2022-08-29 11:10:32'),
(41, 2, 6, 4, 'APPLIED', 'MALE', 'dsaf', 'dsaf', 'vermasunny224@gmail.com', 9632587415, 'asdf', '', 3, 33, 'fasd', 0, 3, 0, 1, NULL, NULL, 0, NULL, NULL, NULL, NULL, '2022-08-26 09:41:38', '2022-09-22 10:15:16'),
(42, 5, 4, 4, 'DISQUALIFIED', 'MALE', 'Nitesh', 'Kumar', 'nitesh.icicibank@gmail.com', 9015537727, 'Field Sales Executive', '', 3, 3.5, 'South Delhi', 0, 8, 0, 1, NULL, NULL, 0, NULL, NULL, NULL, 'resume-1661515649039-814944030.pdf', '2022-08-26 12:07:16', '2022-09-29 06:36:58'),
(43, 5, 4, 11, 'INTERVIEW', 'MALE', 'Nitin', 'Gupta', 'nitinguptahr17@gmail.com', 9643599900, 'Field Sales Executive', '', 2, 3, 'South Delhi', 0, 5, 0, 1, NULL, NULL, 0, NULL, NULL, NULL, 'resume-1661515951915-93201730.pdf', '2022-08-26 12:12:25', '2022-08-30 07:57:03'),
(46, 13, 16, 0, 'APPLIED', 'MALE', 'candidate', 'lastname', 'test@gmail.com', 8787878788, 'SDE1', 'NodeJs', 12, 15, 'noida', 0, 5, 0, 1, NULL, NULL, 0, NULL, NULL, NULL, 'resume-1661708783236-41423047.docx', '2022-08-28 17:46:03', '2022-08-28 17:46:23'),
(47, 14, 16, 0, 'INTERVIEW', 'MALE', 'test', 'test', 'test@gmail.com', 5656565656, 'SDE1', 'node', 11, 12, 'lsdassd', 0, 12, 0, 1, NULL, NULL, 0, NULL, NULL, NULL, 'resume-1661710610497-394225571.docx', '2022-08-28 18:16:42', '2022-08-29 00:15:26'),
(48, 9, 10, 0, 'OFFER', 'MALE', 'Saurabh', 'Bindoliya', 'saurabh@gmail.com', 8630877206, 'Helper', 'NodeJS', 12, 15, 'Delhi', 0, 5, 0, 1, NULL, NULL, 0, NULL, NULL, NULL, 'resume-1661733043372-30236423.pdf', '2022-08-29 00:30:20', '2022-10-10 11:31:37'),
(49, 7, 4, 0, 'HIRED', 'MALE', 'Ayush', 'Rathore', 'ayushrathore.ar9@gmail.com', 9105863692, 'Talent Acquisition Executive', 'Good communication skills', 2.4, 2.4, 'South Delhi', 0, 0, 0, 1, NULL, NULL, 0, NULL, NULL, NULL, 'resume-1661756357907-181899944.pdf', '2022-08-29 06:59:07', '2022-09-01 05:48:47'),
(50, 7, 4, 17, 'DISQUALIFIED', 'FEMALE', 'Snigdha', 'Raj', 'snigdharaj28@gmail.com', 8002055706, 'Talent Acquisition Executive', 'Good Communication skills', 5, 5, 'Jharkhand', 0, 2.5, 0, 1, NULL, NULL, 0, NULL, NULL, NULL, 'resume-1661756777987-286451606.docx', '2022-08-29 07:06:11', '2022-09-20 07:04:24'),
(51, 7, 4, 7, 'DISQUALIFIED', 'MALE', 'Rajat', 'sharma', 'hr@haldivita.com', 9643695087, 'bde', 'communication', 2, 3, 'delhi', 0, 1, 0, 0, NULL, NULL, 0, NULL, NULL, NULL, NULL, '2022-08-29 07:33:10', '2022-09-30 04:50:03'),
(52, 7, 4, 19, 'DISQUALIFIED', 'MALE', 'SyedAzhar', 'Sultan', 'azhrrsultan7@gmail.com', 8092113080, 'Talent Acquisition Executive', 'Good Communication Skill', 0, 2.4, 'Bihar', 0, 0, 0, 1, NULL, NULL, 0, NULL, NULL, NULL, 'resume-1661758412581-863872003.docx', '2022-08-29 07:33:24', '2022-09-16 04:53:04'),
(53, 7, 4, 18, 'DISQUALIFIED', 'FEMALE', 'Pratibha', 'Pandey', 'pandey.18.pratibha@gmail.com', 9798797365, 'Talent Acquisition Executive', 'Good Communication Skill', 0, 2.2, 'Ranchi', 0, 0, 0, 1, NULL, NULL, 0, NULL, NULL, NULL, NULL, '2022-08-29 10:53:02', '2022-09-15 11:58:11'),
(54, 7, 4, 16, 'DISQUALIFIED', 'FEMALE', 'Pratibha', 'Pandey', 'pandey.18.pratibha@gmail.com', 9798797365, 'Talent Acquisition Executive', 'Good Communication Skill', 0, 2.2, 'Ranchi', 0, 0, 0, 1, NULL, NULL, 0, NULL, NULL, NULL, 'resume-1661770392453-690250994.pdf', '2022-08-29 10:53:02', '2022-09-20 07:04:15'),
(55, 7, 4, 20, 'DISQUALIFIED', 'FEMALE', 'Neha', 'Soni', 'nehasoni9306job@gmail.com', 8840132759, 'Talent Acquisition Executive', 'Good communication skill', 0, 2.2, 'Fatehpur, UP', 0, 0, 0, 1, NULL, NULL, 0, NULL, NULL, NULL, 'resume-1661773075421-514588757.docx', '2022-08-29 11:37:41', '2022-09-16 04:41:14'),
(56, 9, 4, 2, 'DISQUALIFIED', 'MALE', 'Irshad', 'khan', 'Kirshad706@Yahoo.Com', 9810572823, 'ecommerce manager', 'product launch', 4, 4.8, 'jamia nagar', 0, 5, 0, 1, NULL, NULL, 0, NULL, NULL, NULL, 'resume-1661849025958-649779126.docx', '2022-08-30 08:43:10', '2022-09-28 06:53:27'),
(57, 9, 4, 1, 'OFFER', 'MALE', 'mohd', 'Faiz', 'mfaiz3343@gmail.com', 7309375159, 'Ecommerce Manager', 'amazon', 3.6, 4.2, 'saket', 0, 2, 0, 1, NULL, NULL, 0, NULL, NULL, NULL, 'resume-1661849192942-940240810.pdf', '2022-08-30 08:45:51', '2022-10-10 11:31:39'),
(58, 15, 18, 0, 'APPLIED', 'MALE', 'apoo', 'verm', 'apve@gmail.com', 7217497919, 'test', 'test', 1, 2, 'test', 0, 3, 0, 0, NULL, NULL, 0, NULL, NULL, NULL, 'resume-1661873262009-350653423.pdf', '2022-08-30 15:27:28', '2022-08-30 15:27:42'),
(59, 5, 4, 11, 'DISQUALIFIED', 'MALE', 'Rahul', 'Roy', 'rahulroy1319@gmail.com', 7011583104, 'Sales officer', 'Retail Sales', 2.4, 3.2, 'Delhi', 0, 6, 0, 1, NULL, NULL, 0, NULL, NULL, NULL, 'resume-1662024104472-310272167.docx', '2022-09-01 09:21:32', '2022-09-15 08:10:03'),
(60, 5, 4, 9, 'INTERVIEW', 'MALE', 'Abhishek', 'Tiwari', 'mohitt966@gmail.com', 9807948260, 'Sales Officer', 'Corporate Strategy', 3, 4, 'Delhi', 0, 7, 0, 1, NULL, NULL, 0, NULL, NULL, NULL, 'resume-1662025067482-81466529.pdf', '2022-09-01 09:37:28', '2022-09-01 09:38:45'),
(61, 5, 4, 10, 'INTERVIEW', 'MALE', 'Vivek', 'Patel', 'varunsingh5648@gmail.com', 9045125364, 'Sales Officer', 'Good communication', 3.6, 4.5, 'Delhi', 0, 1.5, 0, 1, NULL, NULL, 0, NULL, NULL, NULL, 'resume-1662025602661-211984611.pdf', '2022-09-01 09:46:27', '2022-09-01 09:46:58'),
(62, 5, 4, 0, 'DISQUALIFIED', 'MALE', 'Shubham', 'Tonk', 'tonk.shubham1994@gmail.com', 8279320782, 'Sales Officer', 'sales', 3.24, 3, 'muzaffarnagar', 0, 7, 0, 1, NULL, NULL, 0, NULL, NULL, NULL, 'resume-1662029348059-292472394.pdf', '2022-09-01 10:48:43', '2022-09-20 17:24:12'),
(63, 5, 4, 6, 'DISQUALIFIED', 'MALE', 'ABHAY', 'PANDEY', 'abhay5ppandey@gmail.com', 8800670128, 'SALES MANAGER', 'BUSINESS DEVELOPMENT MANAGER', 7.2, 8.4, 'DEHRADUN', 0, 11, 0, 1, NULL, NULL, 0, NULL, NULL, NULL, 'resume-1662032687754-844651653.doc', '2022-09-01 11:43:57', '2022-09-15 07:58:14'),
(65, 5, 4, 3, 'OFFER', 'MALE', 'Raj', 'Kishor', 'raj9971365098@gmail.com', 9971365098, 'Sales officer', 'B2B sales', 30000, 30000, 'Mayur Vihar', 0, 11, 0, 0, NULL, NULL, 0, NULL, NULL, NULL, 'resume-1663228986488-253739813.pdf', '2022-09-15 08:02:48', '2022-09-29 06:37:51'),
(66, 5, 4, 12, 'INTERVIEW', 'MALE', 'MD', 'SALMAN', 'salmanloamy@gmail.com', 9661102937, 'Sales officer', 'B2B sales', 22000, 27000, 'Okhla', 0, 8, 0, 0, NULL, NULL, 0, NULL, NULL, NULL, 'resume-1663236115165-752130771.docx', '2022-09-15 10:01:32', '2022-09-16 05:15:41'),
(67, 5, 4, 0, 'HIRED', 'MALE', 'GAURAV', 'SHARMA', 'Gaurav200866@gmail.com', 9717802874, 'Sales officer', 'B2B sales', 35000, 40000, 'Delhi', 0, 12, 0, 0, NULL, NULL, 0, NULL, NULL, NULL, 'resume-1663237526966-739072867.docx', '2022-09-15 10:25:14', '2022-09-29 06:37:43'),
(68, 5, 4, 5, 'DISQUALIFIED', 'MALE', 'Abhinav', 'Kumar', 'nitinguptahr17@gmail.com', 7982727154, 'sales officer', 'sales', 25000, 30000, 'uttam nagar', 0, 3, 0, 1, NULL, NULL, 0, NULL, NULL, NULL, NULL, '2022-09-15 11:30:25', '2022-09-16 05:15:17'),
(69, 5, 4, 9, 'DISQUALIFIED', 'MALE', 'Nitin', 'Gupta', 'nitinguptahr17@gmail.com', 7982727154, 'sales officer', 'sales', 25000, 30000, 'uttam nagar', 0, 3, 0, 1, NULL, NULL, 0, NULL, NULL, NULL, NULL, '2022-09-15 11:34:51', '2022-09-29 06:38:41'),
(70, 13, 17, 0, 'FEEDBACK', 'MALE', 'New', 'Candidate', 'ankitkhanduri88@gmail.com', 8630877206, 'SDE1', 'NodeJs', 12, 15, 'Bangalore', 0, 3, 1, 1, '2022-09-24', 'HCL', 1, 'TCS', 14, NULL, 'resume-1663291107999-231489467.pdf', '2022-09-16 01:18:19', '2022-09-16 01:18:47'),
(72, 7, 4, 4, 'DISQUALIFIED', 'MALE', 'MAYANK', 'GUHER', 'mfunky186@gmail.com', 8800649816, 'TALENT ACQUISITION EXECUTIVE', 'IT Recruiting', 3, 3.6, 'NOIDA', 0, 1, 0, 1, NULL, NULL, 0, NULL, NULL, NULL, 'resume-1663303579491-853479984.pdf', '2022-09-16 04:45:50', '2022-09-27 06:47:05'),
(73, 7, 4, 13, 'DISQUALIFIED', 'MALE', 'SANSKAR', 'GUPTA', 'sanskargupta2401@gmail.com', 9695999166, 'talent acquisition executive', 'recruitment', 0, 1.8, 'kanpur', 0, 0.2, 0, 1, NULL, NULL, 0, NULL, NULL, NULL, 'resume-1663303924520-306488847.pdf', '2022-09-16 04:51:48', '2022-09-20 07:04:12'),
(74, 7, 4, 11, 'DISQUALIFIED', 'FEMALE', 'KRITIKA', 'SINGH', 'Kritikarana32@gmail.com', 7060692003, 'BUSINESS DEVELOPMENT EXECUTIVE', 'RECRUITMENT', 0, 2.4, 'Rampur', 0, 0, 0, 1, NULL, NULL, 0, NULL, NULL, NULL, 'resume-1663305231206-740983820.pdf', '2022-09-16 05:13:40', '2022-09-27 07:26:03'),
(75, 5, 4, 7, 'INTERVIEW', 'MALE', 'Md', 'JamalAkhtar', 'Jamal18akhter@gmail.com', 9971399920, 'Sales officer', 'B2B sales', 26000, 30000, 'Jamia', 0, 6, 0, 1, NULL, NULL, 0, NULL, NULL, NULL, 'resume-1663309216166-655182067.pdf', '2022-09-16 06:20:00', '2022-09-16 06:34:38'),
(76, 5, 4, 8, 'INTERVIEW', 'MALE', 'PRAKASH', 'ROY', 'royprakash428@gmail.com', 9910598128, 'Sales officer', 'sales', 36000, 40000, 'noida', 0, 1, 0, 0, NULL, NULL, 0, NULL, NULL, NULL, 'resume-1663309902244-859752420.pdf', '2022-09-16 06:31:32', '2022-09-16 06:34:31'),
(77, 5, 4, 2, 'OFFER', 'MALE', 'MANISH', 'JAIN', 'manishconstruction0@gmail.com', 7827086940, 'Sales officer', 'B2B sales', 38700, 40000, 'Azad nagar', 0, 1, 0, 0, NULL, NULL, 0, NULL, NULL, NULL, 'resume-1663317533669-478667948.docx', '2022-09-16 08:38:43', '2022-09-29 06:37:05'),
(78, 5, 4, 6, 'INTERVIEW', 'MALE', 'VIKRAM', 'PRATAP', '10vikram.pratap@gmail.com', 8860271811, 'Sales officer', 'sales', 4, 4.4, 'Kalkaji', 0, 2.8, 0, 1, NULL, NULL, 0, NULL, NULL, NULL, 'resume-1663322827757-637657015.pdf', '2022-09-16 10:06:55', '2022-09-28 11:32:23'),
(79, 7, 4, 10, 'DISQUALIFIED', 'FEMALE', 'Anshu', 'Tiwari', 'anshutiwari681@gmal.com', 6264495654, 'Business Development Executive', 'recruitment', 0, 2.4, 'ambedkar nagar, delhi', 0, 0.4, 0, 1, NULL, NULL, 0, NULL, NULL, NULL, 'resume-1663400795283-776887012.pdf', '2022-09-17 07:46:16', '2022-09-28 05:23:28'),
(81, 18, 27, 0, 'INTERVIEW', 'MALE', 'test', 'test', 'ankitkhanduri88@gmail.com', 8630877206, 'test', 'test', 12, 16, 'test', 0, 4, 1, 0, '2022-09-21', NULL, 1, NULL, NULL, NULL, 'resume-1663693483241-168718939.pdf', '2022-09-20 17:04:24', '2022-09-23 16:09:13'),
(83, 19, 26, 0, 'APPLIED', 'MALE', 'test', 'test', 'ankitkhanduri88@gmail.com', 8650988767, 'test', 'test', 12, 13, 'test', 0, 12, 1, 1, '2022-09-30', 'HCL', 1, 'TCS', 13, NULL, 'resume-1663776956917-410339928.docx', '2022-09-21 16:15:40', '2022-09-21 16:15:56'),
(84, 20, 30, 0, 'APPLIED', 'MALE', 'Rocket', 'rocks', '2305tushar@gmail.com', 7412589630, 'GET', 'nodejs', 4, 8, 'delhi', 0, 0, 1, 1, '2022-03-09', 'NEC', 0, NULL, NULL, NULL, 'resume-1663830234870-845455717.pdf', '2022-09-22 07:03:45', '2022-09-22 07:03:54'),
(85, 19, 29, 0, 'APPLIED', 'MALE', 'test', 'test', 'ankitkhanduri88@gmail.com', 7564756474, 'test', 'test', 12, 14, 'Delhi', 1, 5, 1, 1, '2022-09-30', 'HCL', 1, 'TCS', 20, NULL, 'resume-1663863543329-409512230.pdf', '2022-09-22 16:18:53', '2022-09-22 16:19:03'),
(86, 22, 29, 0, 'OFFER', 'MALE', 'test', 'test', 'ankitkhanduri88@gmail.com', 4536453645, 'test', 'test', 12, 15, 'test', 0, 12, 1, 1, '2022-09-30', 'HCL', 1, 'TCS', 20, NULL, 'resume-1663863767916-177225495.pdf', '2022-09-22 16:22:36', '2022-10-12 12:50:33'),
(87, 17, 4, 0, 'APPLIED', 'MALE', 'test', 'test', 'test@gmail.com', 987654321, 'CEO', 'kjebfd', 1, 3, 'dfkgba', 0, 4, 0, 1, NULL, NULL, 0, NULL, NULL, NULL, 'resume-1663948354533-877926522.pdf', '2022-09-23 15:52:22', '2022-09-23 15:52:34'),
(88, 14, 34, 0, 'OFFER', 'MALE', 'Test', 'Test', 'Test@gmail.com', 8765363552, 'SDE', 'Test', 12, 15, 'Test', 0, 14, 1, 0, '2022-09-26', 'TCS', 1, 'HCL', 16, NULL, 'resume-1664000810917-300939752.pdf', '2022-09-24 06:26:35', '2022-11-01 11:41:43'),
(89, 22, 29, 0, 'DISQUALIFIED', 'MALE', 'test', 'test', 'test@gmail.com', 7676767676, 'test', 'test', 13, 15, 'test', 1, 13, 0, 1, NULL, NULL, 0, NULL, NULL, NULL, 'resume-1664155101771-476381534.pdf', '2022-09-26 01:18:04', '2022-09-26 01:22:24'),
(91, 7, 4, 5, 'DISQUALIFIED', 'MALE', 'ASHISH', 'CHOUBEY', 'choubeyashish50@gmail.com', 8962586904, 'business development executive', 'customer service', 2.64, 3.6, 'khajuraho', 1, 2, 0, 1, NULL, NULL, 0, NULL, NULL, NULL, 'resume-1664263495454-757488002.pdf', '2022-09-27 07:24:31', '2022-09-30 09:10:43'),
(92, 7, 4, 3, 'DISQUALIFIED', 'MALE', 'PIYUSH', 'SHUKLA', 'shukla2000piyush@gmail.com', 8826140155, 'BUSINESS DEVELOPMENT ASSOCIATE', 'SALES', 4.75, 5, 'RANI BAGH, DELHI', 0, 0.8, 0, 1, NULL, NULL, 0, NULL, NULL, NULL, 'resume-1664266424811-521544125.pdf', '2022-09-27 08:13:26', '2022-10-06 12:19:48'),
(93, 5, 4, 1, 'OFFER', 'MALE', 'Kamal', 'Sherawat', 'amitsherwat087@gmail.com', 7042906821, 'Sales officer', 'Fmcg sales', 23000, 25000, 'south delhi', 0, 5, 0, 1, NULL, NULL, 0, NULL, NULL, NULL, 'resume-1664266462262-733959245.docx', '2022-09-27 08:14:06', '2022-09-29 06:34:47'),
(94, 5, 4, 1, 'INTERVIEW', 'MALE', 'VIPIN', 'YADAV', 'yadava14082019@gmail.Com', 9999125294, 'Sales officer', 'fmcg sales', 24000, 27000, 'south delhi', 0, 4, 0, 1, NULL, NULL, 0, NULL, NULL, NULL, 'resume-1664267344075-428811233.docx', '2022-09-27 08:28:46', '2022-09-28 11:32:00'),
(95, 7, 4, 14, 'DISQUALIFIED', 'MALE', 'ROHAN', 'MATHUR', 'rohanmathur174@gmail.com', 8527582965, 'BUSINESS DEVELOPMENT EXECUTIVE', 'SALES', 1, 2.4, 'DELHI', 0, 0, 0, 1, NULL, NULL, 0, NULL, NULL, NULL, 'resume-1664267847807-889637208.pdf', '2022-09-27 08:37:12', '2022-09-27 11:38:33'),
(96, 7, 4, 6, 'DISQUALIFIED', 'MALE', 'Mohammad', 'Kashif', 'mdqashifniit@live.com', 9650587473, 'sales executive - inside', 'sales', 2.52, 3, 'malviya nagar', 0, 6, 1, 0, '2022-10-03', 'Advotis Infotech PVT.LTD', 0, NULL, NULL, NULL, NULL, '2022-09-27 08:57:51', '2022-09-30 09:25:19'),
(97, 5, 4, 3, 'INTERVIEW', 'MALE', 'Sanjay', 'Singh', 'singhsanjay1551979@gmail.com', 9015863238, 'Sales officer', 'fmcg sales', 25000, 30000, 'east delhi', 0, 12, 0, 1, '2022-09-30', NULL, 0, NULL, NULL, NULL, 'resume-1664272107703-659732585.doc', '2022-09-27 09:48:10', '2022-10-03 06:37:07'),
(98, 5, 4, 1, 'DISQUALIFIED', 'MALE', 'PUSHPENDRA', 'SINGH', 'pkansh@hotmail.com', 7017293729, 'sales officer', 'fmcg sales', 2.4, 3, 'Delhi', 0, 1, 0, 1, NULL, NULL, 0, NULL, NULL, NULL, 'resume-1664272683612-860884735.pdf', '2022-09-27 09:57:52', '2022-10-04 08:38:50'),
(99, 7, 4, 8, 'DISQUALIFIED', 'MALE', 'DEEPANSHU', 'GOLA', 'gola989@gmail.com', 9999554516, 'BUSINESS DEVELOPMENT', 'SALES', 2.88, 2.3, 'BADARPUR', 0, 2, 0, 1, NULL, NULL, 0, NULL, NULL, NULL, 'resume-1664278076223-105700089.docx', '2022-09-27 11:27:19', '2022-09-28 09:54:33'),
(100, 22, 29, 0, 'APPLIED', 'MALE', 'Prakhar', 'singh', '2000prakharsingh@gmail.com', 3453453455, 'SDE', 'test', 12, 16, 'Test', 1, 12, 0, 1, NULL, NULL, 0, NULL, NULL, NULL, NULL, '2022-09-27 14:43:43', '2022-09-27 14:43:43'),
(101, 5, 4, 4, 'INTERVIEW', 'MALE', 'VISHAL', 'SINGH', 'VISNVH@GMAIL.COM', 8860106916, 'sales officer', 'fmcg sales', 4.48, 4.7, 'north delhi', 0, 1, 0, 1, NULL, NULL, 0, NULL, NULL, NULL, 'resume-1664365092471-516044092.docx', '2022-09-28 11:37:51', '2022-10-03 06:37:02'),
(102, 5, 4, 3, 'DISQUALIFIED', 'MALE', 'MOHD', 'NAVAB', 'mdnavabsiddiqui@gmaail.com', 8076016452, 'sales officer', 'fmcg sales', 4.2, 4.5, 'south delhi', 0, 7, 0, 1, NULL, NULL, 0, NULL, NULL, NULL, 'resume-1664365466651-440816751.docx', '2022-09-28 11:44:07', '2022-09-29 06:35:07'),
(103, 5, 4, 2, 'INTERVIEW', 'MALE', 'SANTOSH', 'KUMAR', 'SK.SANTOSHKUMAR8851@GMAIL.COM', 8851000790, 'sales officer', 'fmcg sales', 35000, 37000, 'delhi', 0, 9, 0, 1, NULL, NULL, 0, NULL, NULL, NULL, 'resume-1664365795412-295101061.docx', '2022-09-28 11:49:42', '2022-10-03 06:36:52'),
(104, 7, 4, 1, 'DISQUALIFIED', 'MALE', 'VINAY', 'RAJBHAR', 'vinayrajbhar714@gmail.com', 8070033440, 'BUSINESS DEVELOPMENT EXECUTIVE', 'SALES', 2.4, 3, 'MADANGIR', 0, 4, 0, 1, NULL, NULL, 0, NULL, NULL, NULL, 'resume-1664427576808-598086840.pdf', '2022-09-29 04:59:18', '2022-10-06 12:19:55'),
(105, 7, 4, 2, 'DISQUALIFIED', 'MALE', 'ASHISH', 'SINGH', 'ashishsingh935407@gmail.com', 9354075351, 'CSE', 'CUSTOMER SUPPORT', 1.56, 2.4, 'CANNAUGHT PLACE ', 0, 1, 0, 1, NULL, NULL, 0, NULL, NULL, NULL, 'resume-1664429807875-650635034.pdf', '2022-09-29 05:36:32', '2022-10-06 12:19:51'),
(106, 7, 4, 0, 'DISQUALIFIED', 'MALE', 'Gullam', 'Rabbani', 'rabbanialam1786@gmail.com', 9162126135, 'BDE', 'customer service', 2.4, 3, 'okhla', 0, 1, 0, 1, NULL, NULL, 0, NULL, NULL, NULL, 'resume-1664514865105-886723558.pdf', '2022-09-30 05:12:01', '2022-10-06 12:19:53'),
(107, 22, 35, 1, 'APPLIED', 'MALE', 'test', 'test', 'test@gmail.com', 8768768687, 'test', 'nodejs', 12, 15, 'Noida', 1, 13, 1, 0, '2022-10-13', 'HCL', 1, 'TCS', NULL, NULL, 'resume-1664949879336-926807087.pdf', '2022-10-05 06:04:04', '2022-10-12 12:50:35'),
(108, 24, 41, 0, 'APPLIED', 'MALE', 'Abinav', 'sharma', 'emo@gmail.com', 9865421548, 'Director', 'xcvxcv', 25000, 350000, 'new delhi', 0, 2, 0, 1, NULL, NULL, 0, NULL, NULL, NULL, 'resume-1665390566701-97716354.pdf', '2022-10-10 08:29:03', '2022-10-10 08:29:26'),
(109, 25, 20, 19, 'DISQUALIFIED', 'MALE', 'Hassan', 'Raza', 'hassanchaudhary9090@gmail.com', 7300966618, 'BDE', 'SALES', 0, 240000, 'NOIDA', 0, 0, 0, 1, NULL, NULL, 0, NULL, NULL, NULL, 'resume-1665633321654-265324003.pdf', '2022-10-11 10:10:23', '2022-11-04 06:28:33'),
(110, 25, 20, 26, 'DISQUALIFIED', 'MALE', 'Gaurav', 'Singh', 'gs644636@gmail.com', 9315879025, 'BDE', 'EXCILLENT COMMNICATION', 0, 240000, 'DELHI', 0, 0, 0, 1, NULL, NULL, 0, NULL, NULL, NULL, 'resume-1665633490403-80423639.pdf', '2022-10-11 10:51:32', '2022-11-02 11:38:09'),
(111, 25, 20, 25, 'DISQUALIFIED', 'MALE', 'Shudhanshu', 'Shukla', 'Kvirat546@gmail.com', 9999856418, 'BDE', 'SALES', 0, 240000, 'delhi', 0, 0, 0, 1, NULL, NULL, 0, NULL, NULL, NULL, 'resume-1665633663564-244920685.pdf', '2022-10-11 10:55:06', '2022-11-02 11:48:59'),
(112, 25, 20, 5, 'DISQUALIFIED', 'FEMALE', 'Chhaya', 'singh', 'chhayasingh7348254066@gmail.com', 6307991238, 'BDE', 'WELL CO ORDINATING', 0, 2000000, 'delhi', 0, 0, 0, 1, NULL, NULL, 0, NULL, NULL, NULL, 'resume-1665547161993-245383732.pdf', '2022-10-12 03:58:14', '2022-10-13 12:53:29'),
(113, 25, 20, 31, 'DISQUALIFIED', 'MALE', 'gaurav', 'Singh', 'gauravsingh14081997@gmail.com', 8318071867, 'BDE', 'HR AND MARKETING', 0, 2500000, 'DELHI', 0, 0, 0, 1, NULL, NULL, 0, NULL, NULL, NULL, 'resume-1665548207302-180109683.pdf', '2022-10-12 04:16:35', '2022-10-31 11:56:40'),
(114, 25, 20, 32, 'DISQUALIFIED', 'FEMALE', 'samisksha', 'Dava', 'samikshadave88260@gmail.com', 7428144211, 'BDE', 'SALES', 3000000, 3500000, 'DELHI', 0, 2, 0, 1, NULL, NULL, 0, NULL, NULL, NULL, NULL, '2022-10-12 08:02:54', '2022-10-31 11:56:36'),
(115, 25, 20, 28, 'DISQUALIFIED', 'MALE', 'Sushil', 'chauhan', 'sushilchauhansc8@gmail.com', 9643310510, 'BDE', 'GOOD COMM.', 0, 240000, 'DELHI', 0, 0, 0, 1, NULL, NULL, 0, NULL, NULL, NULL, NULL, '2022-10-12 08:20:47', '2022-10-15 07:27:53'),
(116, 25, 20, 33, 'DISQUALIFIED', 'MALE', 'Aparna', 'MISHRA', 'akshyathetarget.12@gmail.com', 8851610700, 'BDE', 'Sales', 300000, 350000, 'delhi', 0, 2, 0, 1, NULL, NULL, 0, NULL, NULL, NULL, NULL, '2022-10-12 08:24:54', '2022-10-31 11:56:34'),
(117, 25, 20, 30, 'DISQUALIFIED', 'MALE', 'Pushpendra', 'chaudhary', '88pushpender@gmail.com', 7011304002, 'BDE', 'Sales', 0, 240000, 'delhi', 0, 0, 0, 1, NULL, NULL, 0, NULL, NULL, NULL, 'resume-1665568841434-735139598.pdf', '2022-10-12 10:00:12', '2022-10-31 11:56:31'),
(118, 25, 20, 35, 'DISQUALIFIED', 'MALE', 'Abhishek', 'sharma', 'abhisharma7951@gmail.com', 7531811093, 'BDE', 'SALES', 0, 250000, 'DELHI', 0, 0, 0, 1, NULL, NULL, 0, NULL, NULL, NULL, 'resume-1665574215570-974629600.docx', '2022-10-12 11:30:00', '2022-10-28 05:36:29'),
(119, 25, 20, 34, 'DISQUALIFIED', 'FEMALE', 'Deepali', 'sisodia', 'deepali21599@gmail.com', 8800202172, 'BDE', 'Good com', 0, 250000, 'delhi', 0, 0, 0, 1, NULL, NULL, 0, NULL, NULL, NULL, 'resume-1665575523456-434833336.pdf', '2022-10-12 11:51:04', '2022-10-28 05:36:07'),
(120, 17, 20, 0, 'APPLIED', 'FEMALE', 'Latika', 'Gandhi', 'gandhilatika89@gmail.com', 8168578862, 'Graphic Desiner', 'Adobe Premiere, Illustrator,', 3, 3.6, 'Delhi', 0, 8, 0, 1, NULL, NULL, 0, NULL, NULL, NULL, 'resume-1665643236331-509676629.pdf', '2022-10-13 06:40:23', '2022-10-13 06:40:36'),
(121, 25, 20, 29, 'DISQUALIFIED', 'MALE', 'Ajeet', 'Kumar', 'Ajyaduvanshi1989@gmail.com', 7838883189, 'BDE', 'SALES', 350000, 300000, 'noida ', 0, 3, 0, 1, NULL, NULL, 0, NULL, NULL, NULL, 'resume-1665643953544-507181728.docx', '2022-10-13 06:52:19', '2022-10-28 05:35:32'),
(122, 17, 20, 1, 'APPLIED', 'FEMALE', 'Rashmi', 'Awasthi', 'rashmi0111998@gmail.com', 7503700085, 'Graphic Designer', 'Adobe Photoshop', 3.6, 3.6, 'Delhi', 0, 4, 0, 1, NULL, NULL, 0, NULL, NULL, NULL, 'resume-1665647306123-699198612.pdf', '2022-10-13 07:48:05', '2022-10-13 07:48:26'),
(124, 17, 20, 2, 'APPLIED', 'FEMALE', 'RIYA', 'GUPTA', 'muskanriya19999@gmail.com', 8218775603, 'Graphic Designer', 'Adobe Photoshop Adobe Illustrator Premium Pro After Effects', 3, 3.6, 'Firozabad', 1, 1.5, 0, 1, NULL, NULL, 0, NULL, NULL, NULL, 'resume-1665648045350-737092090.pdf', '2022-10-13 08:00:20', '2022-10-13 08:00:45'),
(126, 17, 20, 3, 'APPLIED', 'MALE', 'Kartikeya', 'Rai', 'shashank.rai789@gmail.com', 8318493880, 'Graphic Designer', 'Adobe Photoshop', 3.6, 4, 'Gurgaon', 1, 2.5, 0, 1, NULL, NULL, 0, NULL, NULL, NULL, 'resume-1665649541149-513016753.pdf', '2022-10-13 08:25:15', '2022-10-13 08:25:41'),
(127, 25, 20, 27, 'DISQUALIFIED', 'MALE', 'Nishant', 'sharma', 'NISHANTOFFICIAL277@GMAIL.COM', 8851570937, 'bde', 'sales', 0, 200000, 'noida', 0, 1, 0, 1, NULL, NULL, 0, NULL, NULL, NULL, 'resume-1665656129313-214467422.pdf', '2022-10-13 10:14:43', '2022-10-14 06:24:02'),
(128, 25, 20, 23, 'DISQUALIFIED', 'FEMALE', 'Dolly', 'yunus', 'yunusdolly456@gmail.com', 8052545063, 'BDE', 'SALES', 0, 2.5, 'Delhi', 0, 0, 0, 1, NULL, NULL, 0, NULL, NULL, NULL, 'resume-1667216549393-501758555.pdf', '2022-10-31 11:41:48', '2022-11-02 11:49:15'),
(129, 25, 20, 24, 'DISQUALIFIED', 'FEMALE', 'Ayushi', 'Awasti', 'ayushi100awasthi@gmail.com', 7839415884, 'BDE', 'SALES', 0, 2.5, 'DELHI', 0, 0, 0, 1, NULL, NULL, 0, NULL, NULL, NULL, 'resume-1667216848121-476639153.pdf', '2022-10-31 11:47:07', '2022-11-03 05:18:46'),
(130, 25, 20, 10, 'DISQUALIFIED', 'FEMALE', 'Aman', 'rawat', 'aman.rwt.3011@gmail.com', 8130971164, 'BDM', 'SALES', 4, 3.6, 'delhi', 0, 2, 0, 1, NULL, NULL, 0, NULL, NULL, NULL, 'resume-1667217257261-101833245.pdf', '2022-10-31 11:49:39', '2022-11-07 07:08:34'),
(131, 25, 20, 2, 'DISQUALIFIED', 'FEMALE', 'Neha', 'Singh', 'Nehasingh12july2003@gmail.com', 9717232884, 'BDE', 'Good Comm.', 17, 20, 'delhi', 0, 1, 0, 1, NULL, NULL, 0, NULL, NULL, NULL, 'resume-1667217358584-27498778.docx', '2022-10-31 11:55:48', '2022-11-07 07:19:00'),
(133, 25, 20, 8, 'DISQUALIFIED', 'FEMALE', 'Owais', 'Owais', 'owaisiqbal123456789@gmail.com', 8299086877, 'BDM', 'Sales', 4, 3.6, 'delhi', 0, 1.5, 0, 1, NULL, NULL, 0, NULL, NULL, NULL, 'resume-1667217658918-876380708.pdf', '2022-10-31 12:00:47', '2022-11-07 07:08:37'),
(134, 25, 20, 22, 'DISQUALIFIED', 'MALE', 'Pushpender', 'pushpender', '88pushpender@gmail.com', 7011304002, 'BDE', 'SALES', 0, 2.4, 'New Delhi', 0, 0, 0, 1, NULL, NULL, 0, NULL, NULL, NULL, 'resume-1667304607782-884591545.pdf', '2022-11-01 12:08:46', '2022-11-03 06:48:43'),
(135, 25, 20, 18, 'DISQUALIFIED', 'MALE', 'Sonali', 'raj', 'sonaliraj31624@gmail.com', 9570468204, 'BDE', 'Sales', 3, 3, 'noida', 0, 2, 0, 1, NULL, NULL, 0, NULL, NULL, NULL, 'resume-1667376287429-722132640.pdf', '2022-11-02 08:02:08', '2022-11-04 11:53:57'),
(136, 25, 20, 15, 'DISQUALIFIED', 'MALE', 'Suraj', 'Kumar', 'sk.sharma909089@gmail.com', 9718846820, 'BDE', 'sales', 0, 2.4, 'Okla', 0, 0, 0, 1, NULL, NULL, 0, NULL, NULL, NULL, 'resume-1667376909839-515604226.pdf', '2022-11-02 08:15:01', '2022-11-07 07:08:31'),
(137, 25, 20, 17, 'DISQUALIFIED', 'MALE', 'Satyam', 'jha', 'satyamjha17082000@gmail.com', 7004406466, 'BDE', 'HR', 2.16, 2.5, 'Noida', 0, 1, 0, 1, NULL, NULL, 0, NULL, NULL, NULL, NULL, '2022-11-02 10:03:32', '2022-11-07 07:08:28'),
(138, 25, 20, 1, 'DISQUALIFIED', 'MALE', 'Dhirendra', 'Sharma', 'sharmadhirendra095@gmail.com', 7836095269, 'BDE', 'HR', 0, 2.5, 'Fridabad', 0, 0, 0, 1, NULL, NULL, 0, NULL, NULL, NULL, NULL, '2022-11-02 10:37:02', '2022-11-07 07:19:03'),
(139, 25, 20, 21, 'DISQUALIFIED', 'FEMALE', 'Pallavi', 'Choudhary', 'palluchoudhary677@gmail.com', 8383030825, 'BDE', 'SALES', 0, 2.4, 'New delhi', 0, 0, 0, 1, NULL, NULL, 0, NULL, NULL, NULL, 'resume-1667387795779-84376429.docx', '2022-11-02 11:16:26', '2022-11-03 06:06:23'),
(140, 25, 20, 0, 'DISQUALIFIED', 'FEMALE', 'Diksha', 'Pandey', 'diksha07.bgp@gmail.com', 8777672801, 'BDE', 'HR', 0, 2.6, 'Delhi', 0, 0, 0, 1, NULL, NULL, 0, NULL, NULL, NULL, 'resume-1667389083679-206716971.pdf', '2022-11-02 11:37:41', '2022-11-07 07:18:55'),
(145, 25, 20, 0, 'INTERVIEW', 'MALE', 'Ankit', 'Gupta', 'ankitguptaag9058@gmail.com', 7300600955, 'BDE', 'Good Comm.', 0, 2.5, 'noida', 0, 0, 0, 1, NULL, NULL, 0, NULL, NULL, NULL, 'resume-1667474894528-694191613.pdf', '2022-11-03 11:25:19', '2022-11-04 06:28:19'),
(146, 25, 20, 7, 'DISQUALIFIED', 'MALE', 'Ajay', 'Pal', 'ajaypal3319@gmail.com', 8887635848, 'BDE', 'hr', 2.4, 3, 'Noida', 0, 1, 0, 1, NULL, NULL, 0, NULL, NULL, NULL, 'resume-1667544063043-743780479.pdf', '2022-11-04 06:40:37', '2022-11-07 07:08:46'),
(150, 25, 20, 16, 'DISQUALIFIED', 'MALE', 'Garvit', 'singh', 'garvitsingh20016@gmail.com', 9643462365, 'BDE', 'Good comm.', 0, 2.5, 'Ghaziabad', 0, 0, 0, 1, NULL, NULL, 0, NULL, NULL, NULL, 'resume-1667546558862-340916139.docx', '2022-11-04 07:21:43', '2022-11-04 08:03:14'),
(151, 25, 20, 14, 'DISQUALIFIED', 'FEMALE', 'Aakanksha', 'Loyal', 'aakankshaloyal0422@gmail.com', 9891885295, 'BDE', 'Sales', 2.16, 2.6, 'Noida', 0, 1, 0, 1, NULL, NULL, 0, NULL, NULL, NULL, 'resume-1667550375469-751964836.pdf', '2022-11-04 08:21:22', '2022-11-04 11:24:53'),
(152, 25, 20, 20, 'DISQUALIFIED', 'MALE', 'Devendra', 'Singh', 'devendra31121998@gmail.com', 8369716650, 'BDE', 'Sales', 2.4, 2.4, 'Noida', 0, 0, 0, 1, NULL, NULL, 0, NULL, NULL, NULL, 'resume-1667550986073-679878717.pdf', '2022-11-04 08:35:44', '2022-11-09 05:33:28'),
(153, 25, 20, 9, 'DISQUALIFIED', 'FEMALE', 'Ritika', 'rohilla', 'shinurohilla@gmail.com', 8700632173, 'BDE', 'SALES', 2.16, 2.6, 'DELHI', 0, 1.5, 0, 1, NULL, NULL, 0, NULL, NULL, NULL, 'resume-1667552242623-642604987.pdf', '2022-11-04 08:56:43', '2022-11-04 11:48:33'),
(154, 25, 20, 4, 'DISQUALIFIED', 'MALE', 'Rohit', 'Singh', 'singh.rohit90811@gmail.com', 7814094136, 'BDE', 'HR', 0, 2.5, 'NOIDA', 0, 0, 0, 1, NULL, NULL, 0, NULL, NULL, NULL, 'resume-1667566340654-891501677.pdf', '2022-11-04 12:51:17', '2022-11-07 07:18:52'),
(156, 25, 20, 12, 'APPLIED', 'MALE', 'Rahul', 'Dhakad', 'rahuldhakadjaipur@gmail.com', 8619804034, 'bde', 'sales', 3.15, 3, 'Delhi', 0, 1, 0, 1, NULL, NULL, 0, NULL, NULL, NULL, 'resume-1667805469447-180034496.pdf', '2022-11-07 07:17:32', '2022-11-07 07:17:49'),
(157, 25, 20, 11, 'APPLIED', 'MALE', 'Anukool', 'Saxena', 'saxenaanukool064@gmail.com', 8858975788, 'BDE', 'Good Comm.', 0, 2.5, 'Noida', 0, 0, 0, 1, NULL, NULL, 0, NULL, NULL, NULL, 'resume-1667808036903-491288420.docx', '2022-11-07 07:59:56', '2022-11-07 08:00:36'),
(158, 25, 20, 13, 'DISQUALIFIED', 'MALE', 'Aarchi', 'Jain', 'aarchijain3675@gmail.com', 9818794914, 'Bde', 'sales', 0, 2.4, 'delhi', 0, 0, 0, 1, NULL, NULL, 0, NULL, NULL, NULL, NULL, '2022-11-07 09:52:14', '2022-11-09 05:39:58'),
(159, 25, 20, 11, 'DISQUALIFIED', 'MALE', 'Aarchi', 'Jain', 'aarchijain3675@gmail.com', 9818794914, 'Bde', 'sales', 0, 2.4, 'delhi', 0, 0, 0, 1, NULL, NULL, 0, NULL, NULL, NULL, 'resume-1667814862846-827823938.pdf', '2022-11-07 09:52:14', '2022-11-09 05:42:57'),
(160, 27, 49, 0, 'INTERVIEW', 'FEMALE', 'Ayesha', 'Sultana', 'sultanaa3525@gmail.com', 9666837314, 'Mainframe Tester', 'COBOL', 7.2, 12, 'Bangalore/ Hyderabad', 0, 2.6, 0, 1, NULL, NULL, 0, NULL, NULL, NULL, 'resume-1667814934037-689027635.docx', '2022-11-07 09:55:07', '2022-11-08 11:47:54'),
(161, 26, 49, 0, 'APPLIED', 'MALE', 'Sudheer', 'Bayyana', 'saisudheerbayyana513@gmail.com', 9553590276, 'Mainframe Developer', 'COBOL', 4.5, 13, 'Hyderabad', 0, 3.3, 1, 0, '2022-11-30', 'Nil', 0, NULL, NULL, NULL, 'resume-1667815274512-163203948.docx', '2022-11-07 10:01:01', '2022-11-07 10:01:14'),
(164, 26, 49, 1, 'APPLIED', 'MALE', 'Prakash', 'Shivhare', 'prakashshivhare535@gmail.com', 9407515777, 'Mainframe Developer', 'COBOL', 7.6, 11.5, 'HYDERABAD', 1, 4, 0, 1, NULL, NULL, 0, NULL, NULL, NULL, 'resume-1667815461967-896536479.pdf', '2022-11-07 10:04:10', '2022-11-07 10:04:21'),
(165, 26, 49, 2, 'APPLIED', 'FEMALE', 'Surendra', 'Muchumari', 'msr.cool.7989@gmail.com', 7989418073, 'Mainframe Developer', 'COBOL', 6.5, 7.5, 'HYDERABAD', 1, 3.3, 0, 1, NULL, NULL, 0, NULL, NULL, NULL, 'resume-1667815804311-915544104.docx', '2022-11-07 10:09:44', '2022-11-07 10:10:04'),
(166, 25, 20, 6, 'DISQUALIFIED', 'FEMALE', 'Harshita', 'Singh', 'harshitasinghjune16@gmail.com', 6393651758, 'BDE', 'SALES', 0, 2.4, 'Delhi', 0, 0, 0, 1, NULL, NULL, 0, NULL, NULL, NULL, 'resume-1667815934457-599964228.pdf', '2022-11-07 10:11:23', '2022-11-09 07:29:21'),
(167, 25, 20, 12, 'DISQUALIFIED', 'MALE', 'Gourav', 'Tripathi', 'tripathigk02@gmail.com', 8840979755, 'BDE', 'Sales', 2.7, 3, 'Noida ', 0, 1, 0, 1, NULL, NULL, 0, NULL, NULL, NULL, 'resume-1667816485811-140220737.pdf', '2022-11-07 10:20:35', '2022-11-09 05:38:24'),
(168, 26, 48, 0, 'APPLIED', 'MALE', 'Uvaraja', 'ayyanar', 'uvaraja.ayyanar@gmail.com', 9003323453, 'Lead', 'mainframe', 12.5, 18, 'Bangalore', 0, 8, 1, 0, '2022-12-03', 'movate', 0, NULL, NULL, NULL, 'resume-1667818829239-119370383.pdf', '2022-11-07 10:59:26', '2022-11-07 11:00:29'),
(169, 25, 20, 6, 'APPLIED', 'MALE', 'Sneha', 'sneha', 'sneha270101@gmail.com', 8586956140, 'bde', 'sales', 0, 2.5, 'delhi', 0, 0, 0, 1, NULL, NULL, 0, NULL, NULL, NULL, 'resume-1667820271865-830524171.docx', '2022-11-07 11:24:21', '2022-11-07 11:24:31'),
(170, 25, 20, 5, 'APPLIED', 'FEMALE', 'Pallavi', 'Tiwai', 'pallavitiwari660@gmail.com', 9315162704, 'BDE', 'Good Comm', 0, 2.5, 'Delhi', 0, 0, 0, 1, NULL, NULL, 0, NULL, NULL, NULL, 'resume-1667820929357-881473466.pdf', '2022-11-07 11:35:15', '2022-11-07 11:35:29'),
(171, 25, 20, 0, 'FEEDBACK', 'MALE', 'Priyanshi', 'Agarwal', 'agarwal.priyanshi67@gmail.com', 7828940216, 'bde', 'sales', 0, 2.4, 'delhi', 0, 0, 0, 1, NULL, NULL, 0, NULL, NULL, NULL, 'resume-1667823571743-682823065.pdf', '2022-11-07 12:18:24', '2022-11-09 06:10:47'),
(172, 27, 47, 0, 'DISQUALIFIED', 'MALE', 'Phalguna', 'MMPhalguna', 'Phalgunam2015@gmail.com', 7013594903, 'tester', 'MAINFRAME TESTER', 9.5, 16, 'Hyderabad', 1, 4, 0, 1, NULL, NULL, 0, NULL, NULL, NULL, 'resume-1667824897275-30883726.doc', '2022-11-07 12:41:11', '2022-11-08 11:57:06'),
(173, 26, 49, 0, 'APPLIED', 'MALE', 'saikumar', 'Vengala', 'saikumarmf123@gmail.com', 9030643392, 'Mainframe Developer', 'COBOL', 6.5, 8, 'HYDERABAD', 0, 3.6, 0, 1, NULL, NULL, 0, NULL, NULL, NULL, NULL, '2022-11-07 12:47:53', '2022-11-07 12:47:53'),
(174, 27, 47, 1, 'INTERVIEW', 'MALE', 'Upendra', 'Upendra', 'upendrabollipalli855@gmail.com', 8522979324, 'Mainframe tester', 'Mainframe', 4.9, 10, 'hyderbad', 0, 4, 0, 1, NULL, NULL, 0, NULL, NULL, NULL, 'resume-1667825556465-49882170.docx', '2022-11-07 12:52:23', '2022-11-09 07:00:42'),
(175, 27, 47, 1, 'DISQUALIFIED', 'MALE', 'Mane', 'Balaji', 'mane.balaji647@gmail.com', 9963937489, 'mainframes tester', 'mainframes tester', 7.6, 10, 'Hyderabad', 0, 3, 1, 0, '2022-11-16', 'MPL Technology Ltd', 1, 'Not Sure', 9.6, NULL, 'resume-1667825687035-761235731.pdf', '2022-11-07 12:54:40', '2022-11-08 11:57:55'),
(176, 26, 47, 0, 'APPLIED', 'MALE', 'MADDIMSETTI', 'SAIBHASKAR', 'maddimsetti.saibhaskar@gmail.com', 7207048795, 'mainframe Developer', 'mainframe Developer', 6.5, 11, 'Chennai', 1, 3.1, 1, 0, '2022-11-10', 'Ford India', 0, NULL, NULL, NULL, 'resume-1667825804268-748807957.pdf', '2022-11-07 12:56:21', '2022-11-07 12:56:44'),
(177, 26, 47, 0, 'APPLIED', 'MALE', 'Prasanth', 'Neraganti', 'prasanthneraganti2@gmail.com', 8431858157, 'mainframe developer', 'mainframe developer', 5.5, 9, 'Bangalore', 0, 3.4, 1, 0, '2022-11-25', 'Accenture', 0, NULL, NULL, NULL, 'resume-1667825925317-139714724.pdf', '2022-11-07 12:58:35', '2022-11-07 12:58:45'),
(178, 26, 47, 0, 'APPLIED', 'MALE', 'BHANUTEJA', 'TANGELLA', 'tejatangella545@gmail.com', 9052628139, 'mainframes developer', 'mainframes developer', 6.12, 10, 'Hyderabad', 0, 3.6, 0, 1, NULL, NULL, 0, NULL, NULL, NULL, NULL, '2022-11-07 13:01:26', '2022-11-07 13:01:26'),
(179, 26, 47, 0, 'APPLIED', 'MALE', 'BHANUTEJA', 'TANGELLA', 'tejatangella545@gmail.com', 9052628139, 'mainframes developer', 'mainframes developer', 6.12, 10, 'Hyderabad', 0, 3.6, 0, 1, NULL, NULL, 0, NULL, NULL, NULL, 'resume-1667826099583-316687036.docx', '2022-11-07 13:01:26', '2022-11-07 13:01:39'),
(180, 17, 20, 4, 'APPLIED', 'MALE', 'Ratnesh', 'Sharma', 'ratneshsharma07@gmail.com', 8770350494, 'Graphic Deringer', 'Packaging Designing', 3.6, 4.2, 'Delhi', 0, 6, 1, 0, '2022-11-12', NULL, 0, NULL, NULL, NULL, 'resume-1667827831846-506242146.pdf', '2022-11-07 13:30:15', '2022-11-07 13:30:31'),
(181, 17, 20, 0, 'FEEDBACK', 'FEMALE', 'Kirti', 'Tiwari', 'kirtitiwari101097@gmail.com', 8506967121, 'Graphic Designer', 'Packaging Designing', 0, 2.4, 'Gurgaon', 0, 1, 0, 1, NULL, NULL, 0, NULL, NULL, NULL, NULL, '2022-11-07 13:41:31', '2022-11-08 12:52:24'),
(182, 17, 20, 0, 'APPLIED', 'FEMALE', 'Kirti', 'Tiwari', 'kirtitiwari101097@gmail.com', 8506967121, 'Graphic Designer', 'Packaging Designing', 0, 2.4, 'Gurgaon', 0, 1, 0, 1, NULL, NULL, 0, NULL, NULL, NULL, 'resume-1667828528003-694532286.pdf', '2022-11-07 13:41:31', '2022-11-07 13:42:08'),
(184, 26, 48, 0, 'APPLIED', 'MALE', 'Sudhakar', 'Jangam', 'jsudhakar828@gmail.com', 9347645585, 'Senior Mainframe Application Developer', 'mainframe', 9, 13, 'Hyderabad', 0, 5.5, 1, 0, '2022-11-20', 'NTT Data', 0, NULL, NULL, NULL, NULL, '2022-11-08 06:38:48', '2022-11-08 06:38:48'),
(185, 26, 48, 0, 'APPLIED', 'MALE', 'Sudhakar', 'Jangam', 'jsudhakar828@gmail.com', 9347645585, 'Senior Mainframe Application Developer', 'mainframe', 9, 13, 'Hyderabad', 0, 5.5, 1, 0, '2022-11-20', 'NTT Data', 0, NULL, NULL, NULL, NULL, '2022-11-08 06:38:48', '2022-11-08 06:38:48'),
(186, 26, 48, 0, 'APPLIED', 'MALE', 'Sudhakar', 'Jangam', 'jsudhakar828@gmail.com', 9347645585, 'Senior Mainframe Application Developer', 'mainframe', 9, 13, 'Hyderabad', 0, 5.5, 1, 0, '2022-11-20', 'NTT Data', 0, NULL, NULL, NULL, 'resume-1667889564078-724554511.pdf', '2022-11-08 06:38:48', '2022-11-08 06:39:24'),
(187, 25, 20, 3, 'APPLIED', 'MALE', 'Krishna', 'srivastava', 'krishna.srivastava1999@gmail.com', 9999645045, 'bde', 'sales', 0, 2.5, 'delhi', 0, 0, 0, 1, NULL, NULL, 0, NULL, NULL, NULL, NULL, '2022-11-08 07:09:59', '2022-11-08 07:09:59'),
(190, 26, 45, 0, 'APPLIED', 'FEMALE', 'Sushmitha', 'Nalamari', 'sushmithavangala31@gmail.com', 9014773791, 'Mainframe Developer', 'Mainframe', 8.2, 11, 'Hyderabad', 1, 3, 0, 1, NULL, NULL, 0, NULL, NULL, NULL, NULL, '2022-11-08 07:11:42', '2022-11-08 07:11:42'),
(191, 26, 45, 0, 'APPLIED', 'FEMALE', 'Sushmitha', 'Nalamari', 'sushmithavangala31@gmail.com', 9014773791, 'Mainframe Developer', 'Mainframe', 8.2, 11, 'Hyderabad', 1, 3, 0, 1, NULL, NULL, 0, NULL, NULL, NULL, 'resume-1667891553172-961018655.docx', '2022-11-08 07:11:42', '2022-11-08 07:12:33'),
(192, 26, 45, 0, 'APPLIED', 'MALE', 'Siddeswara', 'Mondi', 'sidhu.mf1122@gmail.com', 9515153241, 'Mainframe Developer', 'Mainframes', 6.8, 10, 'Bangalore', 1, 3, 1, 0, '2022-11-30', 'Symphony Teleca Services India Pvt', 0, NULL, NULL, NULL, 'resume-1667892039270-250563578.docx', '2022-11-08 07:20:14', '2022-11-08 07:20:39'),
(193, 26, 45, 0, 'APPLIED', 'FEMALE', 'Sravani', 'Voggu', 'voggusravani@gmail.com', 8019459968, 'Mainframe Developer', 'mainframes', 14.5, 17, 'Hyderabad', 0, 4.4, 1, 0, '2022-11-23', 'Accenture solutions', 1, NULL, 16.5, NULL, 'resume-1667892292395-188319207.docx', '2022-11-08 07:24:27', '2022-11-08 07:24:52'),
(194, 26, 45, 0, 'APPLIED', 'FEMALE', 'Harsha', 'Pekala', 'harshapekala@gmail.com', 9704813282, 'Mainframe developer', 'mainframes', 12.9, 16, 'Hyderabad', 0, 3, 1, 0, NULL, 'Cognizant', 0, NULL, NULL, NULL, 'resume-1667892468833-846941930.pdf', '2022-11-08 07:27:23', '2022-11-08 07:27:48'),
(195, 34, 20, 0, 'APPLIED', 'MALE', 'Shashank', 'Singh', 's4shashank@hotmail.com', 8339042070, 'Java Developer', 'Java', 16.65, 22, 'Pune', 1, 5, 0, 1, NULL, NULL, 0, NULL, NULL, NULL, 'resume-1667893545008-786119000.pdf', '2022-11-08 07:44:27', '2022-11-08 07:45:45'),
(197, 34, 49, 0, 'APPLIED', 'MALE', 'siddharth', 'suthar', 'siddharthsutar1996@gmail.com', 8763905325, 'Java Developer', 'MVC', 10, 18, 'Bangalore', 1, 4, 0, 1, NULL, NULL, 0, NULL, NULL, NULL, 'resume-1667897094264-729259271.pdf', '2022-11-08 08:44:28', '2022-11-08 08:44:54'),
(198, 26, 49, 0, 'APPLIED', 'MALE', 'Karthikeyan', 'Karthikeyan', 'karthikk86@yahoo.com', 9629697307, 'Mainframe Developer', 'JCL', 10, 15, 'Chennai', 1, 9, 0, 1, NULL, NULL, 0, NULL, NULL, NULL, 'resume-1667898451094-9133373.doc', '2022-11-08 09:07:04', '2022-11-08 09:07:31'),
(199, 25, 20, 3, 'DISQUALIFIED', 'MALE', 'Abhishek', 'tyagi', 'abhishektyagi061@gmail.com', 8755923790, 'bde', 'Sales', 3.6, 3.6, 'delhi', 0, 0, 0, 1, NULL, NULL, 0, NULL, NULL, NULL, 'resume-1667900167827-37560076.pdf', '2022-11-08 09:35:23', '2022-11-09 06:11:16'),
(200, 26, 45, 0, 'APPLIED', 'MALE', 'Mallikarjuna', 'Reddy', 'arjunreddycmp@gmail.com', 9493572489, 'Mainframe Developer', 'mainframes', 5.5, 10, 'Bangalore', 1, 3, 1, 0, '2022-11-11', 'RIGHTEOUS TECHNOLOGIES PRIVATE LIMITED', 0, NULL, NULL, NULL, 'resume-1667904148979-78913570.docx', '2022-11-08 10:42:13', '2022-11-08 10:42:28'),
(201, 26, 45, 0, 'APPLIED', 'FEMALE', 'Anusharani', 'Budati', 'anusharani1509@gmail.com', 8125501817, 'mainframe developer', 'mainframes', 7, 10, 'hyderabad', 1, 3, 0, 1, NULL, NULL, 0, NULL, NULL, NULL, 'resume-1667904546290-819780048.docx', '2022-11-08 10:48:57', '2022-11-08 10:49:06'),
(202, 26, 45, 0, 'APPLIED', 'MALE', 'Ganesh', 'Kethavath', 'ganeshkethavath1994@gmail.com', 7093432457, 'mainframe developer', 'mainframes', 5, 10, 'Hyderabad', 1, 3.6, 1, 0, '2022-11-11', 'TATA CONSULTANCY SERVICES (TCS)', 0, NULL, NULL, NULL, 'resume-1667904939828-266964291.pdf', '2022-11-08 10:55:33', '2022-11-08 10:55:39'),
(203, 25, 20, 1, 'APPLIED', 'MALE', 'Vinay', 'Sharma', 'sharmavinay838@gmail.com', 7409362624, 'bde', 'sales', 3, 3, 'noida', 0, 1, 0, 1, NULL, NULL, 0, NULL, NULL, NULL, 'resume-1667905719495-771080479.pdf', '2022-11-08 11:08:08', '2022-11-08 11:08:39'),
(204, 25, 20, 0, 'APPLIED', 'MALE', 'Rushad', 'aryan', 'rushad1ayan@gmail.com', 9039259018, 'bde', 'sales', 2.5, 3, 'noida', 0, 1, 0, 1, NULL, NULL, 0, NULL, NULL, NULL, 'resume-1667906839392-527275182.pdf', '2022-11-08 11:24:55', '2022-11-08 11:27:19'),
(205, 26, 48, 0, 'APPLIED', 'MALE', 'DUDEKULA', 'USENAIAH', 'dusenaiah8@gmail.com', 8309830223, 'Application Software Development Consultant', 'Mainframe Developer', 9, 13, 'Hyderabad', 0, 5, 1, 0, '2022-11-11', 'NTT DATA', 0, NULL, NULL, NULL, 'resume-1667912434933-139900874.doc', '2022-11-08 12:59:39', '2022-11-08 13:00:34'),
(206, 34, 48, 0, 'APPLIED', 'MALE', 'Kiran', 'kumar', 'kirankumarkaval123@gmail.com', 9985796157, 'Software Engineer', 'Java', 6, 10, 'Hyderabad/Bangalore', 0, 3, 1, 0, '2022-11-10', 'Altimetrik', 0, NULL, NULL, NULL, 'resume-1667974873328-588468454.docx', '2022-11-09 06:21:03', '2022-11-09 06:21:13'),
(207, 32, 20, 0, 'APPLIED', 'MALE', 'Gaurav', 'Kumar', 'gauravjnvb6@gmail.com', 9037493785, 'Java fullstack developer ', '(1)Spring MVC (2)Microservices', 18, 22, 'Bangalore', 1, 5.4, 0, 1, NULL, NULL, 0, NULL, NULL, NULL, 'resume-1667976850387-41876393.pdf', '2022-11-09 06:53:55', '2022-11-09 06:54:10');

-- --------------------------------------------------------

--
-- Table structure for table `candidate_chats`
--

DROP TABLE IF EXISTS `candidate_chats`;
CREATE TABLE IF NOT EXISTS `candidate_chats` (
  `id` bigint(20) UNSIGNED NOT NULL AUTO_INCREMENT,
  `positionId` int(10) UNSIGNED NOT NULL,
  `candidateId` int(10) UNSIGNED NOT NULL,
  `content` text NOT NULL,
  `isStatus` tinyint(1) DEFAULT 0,
  `isCandidate` tinyint(1) DEFAULT 0,
  `isMedia` tinyint(1) DEFAULT 0,
  `createdAt` datetime NOT NULL,
  `updatedAt` datetime NOT NULL,
  PRIMARY KEY (`id`)
) ENGINE=InnoDB AUTO_INCREMENT=22 DEFAULT CHARSET=latin1;

--
-- Dumping data for table `candidate_chats`
--

INSERT INTO `candidate_chats` (`id`, `positionId`, `candidateId`, `content`, `isStatus`, `isCandidate`, `isMedia`, `createdAt`, `updatedAt`) VALUES
(1, 5, 71, 'Hi Ankit,', 0, 0, 0, '2022-09-16 01:44:24', '2022-09-16 01:44:24'),
(2, 1, 64, 'Hi Ankit,', 0, 0, 0, '2022-09-16 01:44:55', '2022-09-16 01:44:55'),
(3, 1, 64, 'Hello', 0, 1, 0, '2022-09-16 01:46:47', '2022-09-16 01:46:47'),
(4, 1, 64, 'Hi test email', 0, 0, 0, '2022-09-20 17:10:54', '2022-09-20 17:10:54'),
(5, 1, 64, 'content-1663694050734_697440227.pdf', 0, 0, 1, '2022-09-20 17:14:10', '2022-09-20 17:14:10'),
(6, 1, 64, 'HI', 0, 0, 0, '2022-09-21 16:19:51', '2022-09-21 16:19:51'),
(7, 1, 64, 'content-1663777415332_388319613.docx', 0, 0, 1, '2022-09-21 16:23:35', '2022-09-21 16:23:35'),
(8, 1, 64, 'hello', 0, 0, 0, '2022-09-22 07:12:27', '2022-09-22 07:12:27'),
(9, 19, 83, 'Hi XYZ, I am glad to receive the offer and I accept it.', 0, 1, 0, '2022-09-22 16:12:42', '2022-09-22 16:12:42'),
(10, 19, 83, 'content-1663863192244_674754002.docx', 0, 0, 1, '2022-09-22 16:13:12', '2022-09-22 16:13:12'),
(11, 19, 83, 'hi', 0, 1, 0, '2022-09-22 16:13:44', '2022-09-22 16:13:44'),
(12, 19, 83, 'hello', 0, 0, 0, '2022-09-22 16:13:55', '2022-09-22 16:13:55'),
(13, 19, 83, 'hi', 0, 1, 0, '2022-09-22 16:14:22', '2022-09-22 16:14:22'),
(14, 19, 83, 'Hi Lokesh are you there?', 0, 0, 0, '2022-09-22 16:15:10', '2022-09-22 16:15:10'),
(15, 17, 87, 'alkdjgfba;kdc ', 0, 0, 0, '2022-09-23 15:52:53', '2022-09-23 15:52:53'),
(16, 1, 64, 'content-1663948411904_651480611.pdf', 0, 0, 1, '2022-09-23 15:53:31', '2022-09-23 15:53:31'),
(17, 18, 81, 'test', 0, 0, 0, '2022-09-23 16:11:30', '2022-09-23 16:11:30'),
(18, 18, 81, 'hi ', 0, 1, 0, '2022-09-23 16:11:51', '2022-09-23 16:11:51'),
(19, 18, 81, 'content-1663949536166_674875442.docx', 0, 0, 1, '2022-09-23 16:12:16', '2022-09-23 16:12:16'),
(20, 18, 81, 'hi', 0, 0, 0, '2022-09-23 16:13:27', '2022-09-23 16:13:27'),
(21, 25, 145, '', 0, 0, 0, '2022-11-08 05:15:50', '2022-11-08 05:15:50');

-- --------------------------------------------------------

--
-- Table structure for table `candidate_chat_rooms`
--

DROP TABLE IF EXISTS `candidate_chat_rooms`;
CREATE TABLE IF NOT EXISTS `candidate_chat_rooms` (
  `id` bigint(20) UNSIGNED NOT NULL AUTO_INCREMENT,
  `room` varchar(255) NOT NULL,
  `candidateId` int(10) UNSIGNED NOT NULL,
  `positionId` int(10) UNSIGNED NOT NULL,
  `createdAt` datetime NOT NULL,
  `updatedAt` datetime NOT NULL,
  PRIMARY KEY (`id`),
  UNIQUE KEY `room` (`room`),
  UNIQUE KEY `candidateId` (`candidateId`)
) ENGINE=InnoDB AUTO_INCREMENT=125 DEFAULT CHARSET=latin1;

--
-- Dumping data for table `candidate_chat_rooms`
--

INSERT INTO `candidate_chat_rooms` (`id`, `room`, `candidateId`, `positionId`, `createdAt`, `updatedAt`) VALUES
(1, '87269116578159eade16', 64, 1, '2022-09-02 12:47:22', '2022-09-02 12:47:22'),
(2, '30b9d908c12521d2b097', 83, 19, '2022-09-22 16:11:20', '2022-09-22 16:11:20'),
(3, 'ec61f92becc13f945cf0', 87, 17, '2022-09-23 15:52:22', '2022-09-23 15:52:22'),
(4, '1e97a03aa1b23a56d8f4', 81, 18, '2022-09-23 15:59:33', '2022-09-23 15:59:33'),
(5, '6c87942cbcd6c7f2c730', 88, 14, '2022-09-24 06:26:35', '2022-09-24 06:26:35'),
(6, '34404e23392fdacaa0cd', 89, 22, '2022-09-26 01:18:04', '2022-09-26 01:18:04'),
(7, '91f1e989de3a6536834c', 90, 9, '2022-09-26 16:33:38', '2022-09-26 16:33:38'),
(8, '3c6a93868d5c2ba6b4c0', 91, 7, '2022-09-27 07:24:31', '2022-09-27 07:24:31'),
(9, '2464d08312a12c7ecf67', 92, 7, '2022-09-27 08:13:26', '2022-09-27 08:13:26'),
(10, 'b23b614c0efdda58c978', 93, 5, '2022-09-27 08:14:06', '2022-09-27 08:14:06'),
(11, 'a8c2550da6aedec71a86', 94, 5, '2022-09-27 08:28:46', '2022-09-27 08:28:46'),
(12, '9a55a716bc48bbed8d88', 95, 7, '2022-09-27 08:37:12', '2022-09-27 08:37:12'),
(13, 'd31ad33135c91c540e33', 96, 7, '2022-09-27 08:57:51', '2022-09-27 08:57:51'),
(14, '8d1cea8f4811de27d932', 97, 5, '2022-09-27 09:48:10', '2022-09-27 09:48:10'),
(15, 'd6ac58fe426a106904a7', 98, 5, '2022-09-27 09:57:52', '2022-09-27 09:57:52'),
(16, 'c6c536e2a1067d5cc7c8', 99, 7, '2022-09-27 11:27:19', '2022-09-27 11:27:19'),
(17, '03d7e39e00000ff1e94d', 100, 22, '2022-09-27 14:43:43', '2022-09-27 14:43:43'),
(18, '3ad8a49a34e947d244bb', 101, 5, '2022-09-28 11:37:51', '2022-09-28 11:37:51'),
(19, 'fcfcd3a69de1d9852367', 102, 5, '2022-09-28 11:44:07', '2022-09-28 11:44:07'),
(20, '6dcf5a8f710abdf1cd35', 103, 5, '2022-09-28 11:49:42', '2022-09-28 11:49:42'),
(21, '16a162155184bb323aa1', 104, 7, '2022-09-29 04:59:18', '2022-09-29 04:59:18'),
(22, '15d63de9a20e374c57a6', 105, 7, '2022-09-29 05:36:32', '2022-09-29 05:36:32'),
(23, '43146669a875ee974f78', 106, 7, '2022-09-30 05:12:01', '2022-09-30 05:12:01'),
(24, 'cfef046ad5c1607d1894', 107, 22, '2022-10-05 06:04:04', '2022-10-05 06:04:04'),
(25, '518d975306d9766d7786', 108, 24, '2022-10-10 08:29:03', '2022-10-10 08:29:03'),
(26, 'dd4ca633c76214562c2e', 109, 25, '2022-10-11 10:10:23', '2022-10-11 10:10:23'),
(27, 'b39fabcd85c9783781e5', 110, 25, '2022-10-11 10:51:32', '2022-10-11 10:51:32'),
(28, '2b67516471a294f6db71', 111, 25, '2022-10-11 10:55:06', '2022-10-11 10:55:06'),
(29, '6e6c90b0a124fffaf4d2', 112, 25, '2022-10-12 03:58:14', '2022-10-12 03:58:14'),
(30, '176944543fd1c1e4a062', 113, 25, '2022-10-12 04:16:35', '2022-10-12 04:16:35'),
(31, 'd5fac1258848c7548404', 114, 25, '2022-10-12 08:02:54', '2022-10-12 08:02:54'),
(32, 'a1e266597041afcac08b', 115, 25, '2022-10-12 08:20:47', '2022-10-12 08:20:47'),
(33, '894a8fee71d8e48c6347', 116, 25, '2022-10-12 08:24:54', '2022-10-12 08:24:54'),
(34, 'e5deac63ff9183d51e90', 117, 25, '2022-10-12 10:00:12', '2022-10-12 10:00:12'),
(35, '165235bd217a52c33d8c', 118, 25, '2022-10-12 11:30:00', '2022-10-12 11:30:00'),
(36, 'd011d7882ee44b0a7fd0', 119, 25, '2022-10-12 11:51:04', '2022-10-12 11:51:04'),
(37, '1432d3340e506d3b32a2', 120, 17, '2022-10-13 06:40:23', '2022-10-13 06:40:23'),
(38, '705d552f8f2b2cfb9a7b', 121, 25, '2022-10-13 06:52:19', '2022-10-13 06:52:19'),
(39, '5d33b57361c5ff0c9fbc', 122, 17, '2022-10-13 07:48:05', '2022-10-13 07:48:05'),
(40, 'efc5edb1ffefda7ad73b', 123, 17, '2022-10-13 08:00:20', '2022-10-13 08:00:20'),
(41, '1e0599bf7b2fc5518728', 124, 17, '2022-10-13 08:00:20', '2022-10-13 08:00:20'),
(42, '13e3f69ed7441c39e685', 125, 17, '2022-10-13 08:25:15', '2022-10-13 08:25:15'),
(43, '93186aefd947e4f17d95', 126, 17, '2022-10-13 08:25:15', '2022-10-13 08:25:15'),
(44, 'd2e681852ec2e8dc312b', 127, 25, '2022-10-13 10:14:43', '2022-10-13 10:14:43'),
(45, '539c11d9d6a8f1917161', 128, 25, '2022-10-31 11:41:48', '2022-10-31 11:41:48'),
(46, '11e408f71a320c463b8b', 129, 25, '2022-10-31 11:47:07', '2022-10-31 11:47:07'),
(47, '27f2f7ec8084059472e6', 130, 25, '2022-10-31 11:49:39', '2022-10-31 11:49:39'),
(48, 'c7628531a713ac9bfac9', 131, 25, '2022-10-31 11:55:48', '2022-10-31 11:55:48'),
(49, '5c15db9ac1ec9d93b0b5', 132, 25, '2022-10-31 11:57:26', '2022-10-31 11:57:26'),
(50, '5568c9f5a0a931d874dc', 133, 25, '2022-10-31 12:00:47', '2022-10-31 12:00:47'),
(51, '9fc6860d17ff2444b3b5', 134, 25, '2022-11-01 12:08:46', '2022-11-01 12:08:46'),
(52, '880ac6167fbdbcb95552', 135, 25, '2022-11-02 08:02:08', '2022-11-02 08:02:08'),
(53, 'b651fb925d37b284ab73', 136, 25, '2022-11-02 08:15:01', '2022-11-02 08:15:01'),
(54, 'f0247f471225874b1ca2', 137, 25, '2022-11-02 10:03:32', '2022-11-02 10:03:32'),
(55, 'be70d4881830ae73852a', 138, 25, '2022-11-02 10:37:02', '2022-11-02 10:37:02'),
(56, '858aeba9a034e1972207', 139, 25, '2022-11-02 11:16:26', '2022-11-02 11:16:26'),
(57, 'c567d7b254094a3aa72a', 140, 25, '2022-11-02 11:37:41', '2022-11-02 11:37:41'),
(58, '24a5c6464cbf65821da8', 141, 25, '2022-11-03 10:20:15', '2022-11-03 10:20:15'),
(59, '6c5cb0adc546f33e2f26', 142, 25, '2022-11-03 10:35:06', '2022-11-03 10:35:06'),
(60, '2b7bb16304892927962e', 143, 25, '2022-11-03 11:25:18', '2022-11-03 11:25:18'),
(61, '43beabe867a90ca2485e', 144, 25, '2022-11-03 11:25:19', '2022-11-03 11:25:19'),
(62, 'e1297357aacc46c822ab', 145, 25, '2022-11-03 11:25:19', '2022-11-03 11:25:19'),
(63, '4b3101fcdd535a17e787', 146, 25, '2022-11-04 06:40:37', '2022-11-04 06:40:37'),
(64, 'a00d41562681b6c857a4', 147, 25, '2022-11-04 07:06:20', '2022-11-04 07:06:20'),
(65, '964c52e2fe3f0e49dc8c', 148, 25, '2022-11-04 07:21:43', '2022-11-04 07:21:43'),
(66, 'd23f19035155c574a775', 149, 25, '2022-11-04 07:21:43', '2022-11-04 07:21:43'),
(67, '278ea1a484c632636ba3', 150, 25, '2022-11-04 07:21:43', '2022-11-04 07:21:43'),
(68, 'e04b6ad07a87bec7fac0', 151, 25, '2022-11-04 08:21:22', '2022-11-04 08:21:22'),
(69, 'f3b955cb9f35c3830412', 152, 25, '2022-11-04 08:35:44', '2022-11-04 08:35:44'),
(70, '751d00887376c02e7a16', 153, 25, '2022-11-04 08:56:43', '2022-11-04 08:56:43'),
(71, '1306d4e5f65d398ccbc3', 154, 25, '2022-11-04 12:51:17', '2022-11-04 12:51:17'),
(72, '7e538657d46961c3d77f', 155, 25, '2022-11-06 09:59:04', '2022-11-06 09:59:04'),
(73, 'dbf80d03d7c04c514b65', 156, 25, '2022-11-07 07:17:32', '2022-11-07 07:17:32'),
(74, '1ab25e9df2ed198ebb07', 157, 25, '2022-11-07 07:59:56', '2022-11-07 07:59:56'),
(75, 'bbdf56f60fa4d8a37f6a', 158, 25, '2022-11-07 09:52:14', '2022-11-07 09:52:14'),
(76, '66e52009946752fea755', 159, 25, '2022-11-07 09:52:14', '2022-11-07 09:52:14'),
(77, 'dbf3d9e3801a52c640bb', 160, 27, '2022-11-07 09:55:07', '2022-11-07 09:55:07'),
(78, 'e098dee764cf7ecd6c26', 161, 26, '2022-11-07 10:01:01', '2022-11-07 10:01:01'),
(79, '7df55bb23bdc563d26b6', 162, 26, '2022-11-07 10:04:10', '2022-11-07 10:04:10'),
(80, 'fb8601162458e703d5a5', 163, 26, '2022-11-07 10:04:10', '2022-11-07 10:04:10'),
(81, 'c0e96463474b4d453388', 164, 26, '2022-11-07 10:04:10', '2022-11-07 10:04:10'),
(82, 'dc26743a96d72cce8595', 165, 26, '2022-11-07 10:09:44', '2022-11-07 10:09:44'),
(83, 'c7e257f60cb8571463bd', 166, 25, '2022-11-07 10:11:23', '2022-11-07 10:11:23'),
(84, '71e9607c5cd38b55595a', 167, 25, '2022-11-07 10:20:35', '2022-11-07 10:20:35'),
(85, '19c42dfa3721b54fb906', 168, 26, '2022-11-07 10:59:26', '2022-11-07 10:59:26'),
(86, 'a6f6e0ac3faec8057acc', 169, 25, '2022-11-07 11:24:21', '2022-11-07 11:24:21'),
(87, 'f7345e7891e216da4156', 170, 25, '2022-11-07 11:35:15', '2022-11-07 11:35:15'),
(88, 'f509a8b66d616fc56d1d', 171, 25, '2022-11-07 12:18:24', '2022-11-07 12:18:24'),
(89, 'fb8e4922ae859d334a75', 172, 27, '2022-11-07 12:41:11', '2022-11-07 12:41:11'),
(90, '4a8d683eb6166203b682', 173, 26, '2022-11-07 12:47:53', '2022-11-07 12:47:53'),
(91, 'af70bbde1380692fcad1', 174, 27, '2022-11-07 12:52:23', '2022-11-07 12:52:23'),
(92, '973540c88ef549c4a880', 175, 27, '2022-11-07 12:54:40', '2022-11-07 12:54:40'),
(93, '40618bbb49ccb1e2ff3e', 176, 26, '2022-11-07 12:56:21', '2022-11-07 12:56:21'),
(94, '0a25aa3c07857040ba12', 177, 26, '2022-11-07 12:58:35', '2022-11-07 12:58:35'),
(95, 'a0f13af5a4873d85aa2e', 178, 26, '2022-11-07 13:01:26', '2022-11-07 13:01:26'),
(96, 'a40402638db09b5955af', 179, 26, '2022-11-07 13:01:26', '2022-11-07 13:01:26'),
(97, 'e64917287088fea92f7b', 180, 17, '2022-11-07 13:30:15', '2022-11-07 13:30:15'),
(98, '697aa769452a4c759fd4', 181, 17, '2022-11-07 13:41:31', '2022-11-07 13:41:31'),
(99, '2c843e46c7a93fb41111', 182, 17, '2022-11-07 13:41:31', '2022-11-07 13:41:31'),
(100, '07f4e85188638a8e6ae6', 183, 32, '2022-11-08 06:04:22', '2022-11-08 06:04:22'),
(101, '2deacb2ac03d42a0db72', 184, 26, '2022-11-08 06:38:48', '2022-11-08 06:38:48'),
(102, 'ca7a7c32011a1cc67f39', 185, 26, '2022-11-08 06:38:48', '2022-11-08 06:38:48'),
(103, 'ec301883e54d933348e9', 186, 26, '2022-11-08 06:38:48', '2022-11-08 06:38:48'),
(104, 'df6b49bc28cde2500d19', 187, 25, '2022-11-08 07:09:59', '2022-11-08 07:09:59'),
(105, 'e4bee496d7e0bd97550d', 188, 25, '2022-11-08 07:09:59', '2022-11-08 07:09:59'),
(106, 'e2fe6d2dc11079fb8912', 189, 25, '2022-11-08 07:10:00', '2022-11-08 07:10:00'),
(107, '414bcd352b7f83d96c0f', 190, 26, '2022-11-08 07:11:42', '2022-11-08 07:11:42'),
(108, '9ec9f04fa07cd49b95b6', 191, 26, '2022-11-08 07:11:42', '2022-11-08 07:11:42'),
(109, 'fd4fd992fd7bb68474e8', 192, 26, '2022-11-08 07:20:14', '2022-11-08 07:20:14'),
(110, 'e8949bcd578509bf767d', 193, 26, '2022-11-08 07:24:27', '2022-11-08 07:24:27'),
(111, '3f7e9c64e901cdaa6872', 194, 26, '2022-11-08 07:27:23', '2022-11-08 07:27:23'),
(112, '3dc437b7b8b4bc10efbc', 195, 34, '2022-11-08 07:44:27', '2022-11-08 07:44:27'),
(113, '3aea860cc85528184361', 196, 34, '2022-11-08 08:44:28', '2022-11-08 08:44:28'),
(114, 'd8fecebc6cca1f857ad9', 197, 34, '2022-11-08 08:44:28', '2022-11-08 08:44:28'),
(115, '5feb8698d4715424165f', 198, 26, '2022-11-08 09:07:04', '2022-11-08 09:07:04'),
(116, 'd51ac5660887395405e8', 199, 25, '2022-11-08 09:35:23', '2022-11-08 09:35:23'),
(117, '8c942f5d01e9972840c2', 200, 26, '2022-11-08 10:42:13', '2022-11-08 10:42:13'),
(118, 'f5da448ba42cfed92f3e', 201, 26, '2022-11-08 10:48:57', '2022-11-08 10:48:57'),
(119, '8542c2aced12fa91bacf', 202, 26, '2022-11-08 10:55:33', '2022-11-08 10:55:33'),
(120, 'b18216f558bce0e59d6a', 203, 25, '2022-11-08 11:08:08', '2022-11-08 11:08:08'),
(121, '840fb8aee66cc66e0cee', 204, 25, '2022-11-08 11:24:55', '2022-11-08 11:24:55'),
(122, '92298903bc556044317b', 205, 26, '2022-11-08 12:59:39', '2022-11-08 12:59:39'),
(123, '8d0a76968be2ddb38bcb', 206, 34, '2022-11-09 06:21:03', '2022-11-09 06:21:03'),
(124, '68ba7bc9f11b65e0973c', 207, 32, '2022-11-09 06:53:55', '2022-11-09 06:53:55');

-- --------------------------------------------------------

--
-- Table structure for table `chats`
--

DROP TABLE IF EXISTS `chats`;
CREATE TABLE IF NOT EXISTS `chats` (
  `id` bigint(20) UNSIGNED NOT NULL AUTO_INCREMENT,
  `positionId` int(10) UNSIGNED NOT NULL,
  `candidateId` int(10) UNSIGNED NOT NULL,
  `userId` int(10) UNSIGNED NOT NULL,
  `content` text NOT NULL,
  `isStatus` tinyint(1) DEFAULT 0,
  `isMedia` tinyint(1) DEFAULT 0,
  `createdAt` datetime NOT NULL,
  `updatedAt` datetime NOT NULL,
  PRIMARY KEY (`id`)
) ENGINE=InnoDB AUTO_INCREMENT=771 DEFAULT CHARSET=latin1;

--
-- Dumping data for table `chats`
--

INSERT INTO `chats` (`id`, `positionId`, `candidateId`, `userId`, `content`, `isStatus`, `isMedia`, `createdAt`, `updatedAt`) VALUES
(1, 3, 2, 3, 'Hi ', 0, 0, '2022-08-17 08:16:20', '2022-08-17 08:16:20'),
(2, 3, 2, 3, 'Hi The candidate is not responding', 0, 0, '2022-08-17 08:16:34', '2022-08-17 08:16:34'),
(3, 3, 2, 3, 'APPLIED -> FEEDBACK', 1, 0, '2022-08-17 08:17:23', '2022-08-17 08:17:23'),
(4, 3, 2, 3, 'FEEDBACK -> INTERVIEW', 1, 0, '2022-08-17 08:17:34', '2022-08-17 08:17:34'),
(5, 3, 2, 3, 'INTERVIEW -> OFFER', 1, 0, '2022-08-17 08:17:37', '2022-08-17 08:17:37'),
(6, 3, 2, 3, 'OFFER -> DISQUALIFIED', 1, 0, '2022-08-17 08:17:50', '2022-08-17 08:17:50'),
(7, 3, 2, 3, 'Hi', 0, 0, '2022-08-17 12:21:38', '2022-08-17 12:21:38'),
(12, 1, 4, 2, 'APPLIED -> FEEDBACK', 1, 0, '2022-08-18 07:22:02', '2022-08-18 07:22:02'),
(15, 1, 4, 2, 'FEEDBACK -> APPLIED', 1, 0, '2022-08-18 07:29:01', '2022-08-18 07:29:01'),
(16, 1, 5, 2, 'APPLIED -> FEEDBACK', 1, 0, '2022-08-18 07:32:09', '2022-08-18 07:32:09'),
(17, 1, 4, 2, 'APPLIED -> INTERVIEW', 1, 0, '2022-08-18 07:32:27', '2022-08-18 07:32:27'),
(18, 1, 1, 2, 'APPLIED -> FEEDBACK', 1, 0, '2022-08-18 07:32:47', '2022-08-18 07:32:47'),
(19, 1, 4, 2, 'INTERVIEW -> FEEDBACK', 1, 0, '2022-08-18 07:32:49', '2022-08-18 07:32:49'),
(20, 1, 4, 2, 'FEEDBACK -> APPLIED', 1, 0, '2022-08-18 07:35:01', '2022-08-18 07:35:01'),
(21, 1, 1, 2, 'FEEDBACK -> APPLIED', 1, 0, '2022-08-18 07:35:54', '2022-08-18 07:35:54'),
(22, 1, 1, 2, 'APPLIED -> APPLIED', 1, 0, '2022-08-18 07:35:56', '2022-08-18 07:35:56'),
(23, 1, 1, 2, 'APPLIED -> APPLIED', 1, 0, '2022-08-18 07:35:58', '2022-08-18 07:35:58'),
(24, 1, 1, 2, 'APPLIED -> FEEDBACK', 1, 0, '2022-08-18 07:36:22', '2022-08-18 07:36:22'),
(25, 1, 5, 2, 'FEEDBACK -> APPLIED', 1, 0, '2022-08-18 07:36:29', '2022-08-18 07:36:29'),
(26, 1, 7, 2, 'APPLIED -> FEEDBACK', 1, 0, '2022-08-18 07:36:30', '2022-08-18 07:36:30'),
(27, 1, 6, 2, 'APPLIED -> FEEDBACK', 1, 0, '2022-08-18 07:36:34', '2022-08-18 07:36:34'),
(28, 1, 4, 2, 'APPLIED -> FEEDBACK', 1, 0, '2022-08-18 07:36:36', '2022-08-18 07:36:36'),
(29, 1, 5, 2, 'APPLIED -> INTERVIEW', 1, 0, '2022-08-18 07:36:39', '2022-08-18 07:36:39'),
(30, 1, 7, 2, 'FEEDBACK -> OFFER', 1, 0, '2022-08-18 07:37:02', '2022-08-18 07:37:02'),
(32, 1, 6, 2, 'FEEDBACK -> INTERVIEW', 1, 0, '2022-08-18 07:37:28', '2022-08-18 07:37:28'),
(34, 5, 9, 4, 'came for face to face interview. conditional offer made', 0, 0, '2022-08-18 08:19:50', '2022-08-18 08:19:50'),
(35, 5, 9, 4, 'came for face to face interview. conditional offer madesalary offered 18k all inclusive', 0, 0, '2022-08-18 08:20:02', '2022-08-18 08:20:02'),
(36, 5, 9, 4, 'came for face to face interview. conditional offer madesalary offered 18k all inclusive', 0, 0, '2022-08-18 08:20:03', '2022-08-18 08:20:03'),
(37, 3, 2, 3, 'DISQUALIFIED -> HIRED', 1, 0, '2022-08-18 08:21:14', '2022-08-18 08:21:14'),
(38, 3, 2, 3, 'hi', 0, 0, '2022-08-18 08:21:25', '2022-08-18 08:21:25'),
(39, 3, 2, 3, 'HIRED -> APPLIED', 1, 0, '2022-08-18 08:25:18', '2022-08-18 08:25:18'),
(40, 5, 10, 4, 'telephonic interview done', 0, 0, '2022-08-18 08:25:24', '2022-08-18 08:25:24'),
(41, 5, 10, 4, 'will come for face to face interview tomorrow', 0, 0, '2022-08-18 08:27:55', '2022-08-18 08:27:55'),
(43, 5, 12, 4, 'good fit for KAE role', 0, 0, '2022-08-18 08:40:09', '2022-08-18 08:40:09'),
(44, 5, 12, 4, 'Date of joining 1st Sep\'22', 0, 0, '2022-08-18 08:40:23', '2022-08-18 08:40:23'),
(45, 5, 13, 4, 'LOOKINGFOR PART TIME', 0, 0, '2022-08-18 08:47:52', '2022-08-18 08:47:52'),
(46, 3, 2, 3, 'APPLIED -> INTERVIEW', 1, 0, '2022-08-18 08:55:01', '2022-08-18 08:55:01'),
(47, 3, 2, 3, 'INTERVIEW -> OFFER', 1, 0, '2022-08-18 08:55:23', '2022-08-18 08:55:23'),
(48, 1, 6, 2, 'INTERVIEW -> APPLIED', 1, 0, '2022-08-18 09:31:41', '2022-08-18 09:31:41'),
(49, 1, 4, 2, 'FEEDBACK -> APPLIED', 1, 0, '2022-08-18 09:32:42', '2022-08-18 09:32:42'),
(50, 1, 6, 2, 'APPLIED -> FEEDBACK', 1, 0, '2022-08-18 09:34:26', '2022-08-18 09:34:26'),
(51, 1, 4, 2, 'APPLIED -> FEEDBACK', 1, 0, '2022-08-18 09:34:33', '2022-08-18 09:34:33'),
(52, 1, 7, 2, 'OFFER -> HIRED', 1, 0, '2022-08-18 09:38:30', '2022-08-18 09:38:30'),
(53, 1, 5, 2, 'INTERVIEW -> APPLIED', 1, 0, '2022-08-18 09:43:07', '2022-08-18 09:43:07'),
(54, 1, 1, 2, 'FEEDBACK -> APPLIED', 1, 0, '2022-08-18 09:43:11', '2022-08-18 09:43:11'),
(55, 1, 4, 2, 'FEEDBACK -> APPLIED', 1, 0, '2022-08-18 09:43:13', '2022-08-18 09:43:13'),
(56, 1, 4, 2, 'APPLIED -> APPLIED', 1, 0, '2022-08-18 09:43:15', '2022-08-18 09:43:15'),
(57, 1, 4, 2, 'APPLIED -> APPLIED', 1, 0, '2022-08-18 09:43:17', '2022-08-18 09:43:17'),
(58, 1, 4, 2, 'APPLIED -> APPLIED', 1, 0, '2022-08-18 09:43:19', '2022-08-18 09:43:19'),
(59, 1, 4, 2, 'APPLIED -> APPLIED', 1, 0, '2022-08-18 09:43:20', '2022-08-18 09:43:20'),
(60, 1, 4, 2, 'APPLIED -> APPLIED', 1, 0, '2022-08-18 09:43:23', '2022-08-18 09:43:23'),
(61, 1, 5, 2, 'APPLIED -> APPLIED', 1, 0, '2022-08-18 09:43:26', '2022-08-18 09:43:26'),
(62, 1, 1, 2, 'APPLIED -> APPLIED', 1, 0, '2022-08-18 09:43:29', '2022-08-18 09:43:29'),
(63, 1, 5, 2, 'APPLIED -> APPLIED', 1, 0, '2022-08-18 09:43:36', '2022-08-18 09:43:36'),
(64, 1, 1, 2, 'APPLIED -> APPLIED', 1, 0, '2022-08-18 09:43:37', '2022-08-18 09:43:37'),
(65, 1, 7, 2, 'HIRED -> APPLIED', 1, 0, '2022-08-18 09:43:40', '2022-08-18 09:43:40'),
(66, 1, 4, 2, 'APPLIED -> APPLIED', 1, 0, '2022-08-18 09:43:41', '2022-08-18 09:43:41'),
(67, 1, 4, 2, 'APPLIED -> INTERVIEW', 1, 0, '2022-08-18 09:43:54', '2022-08-18 09:43:54'),
(68, 1, 5, 2, 'APPLIED -> OFFER', 1, 0, '2022-08-18 09:43:56', '2022-08-18 09:43:56'),
(69, 1, 1, 2, 'APPLIED -> DISQUALIFIED', 1, 0, '2022-08-18 09:43:59', '2022-08-18 09:43:59'),
(70, 1, 7, 2, 'APPLIED -> INTERVIEW', 1, 0, '2022-08-18 09:44:02', '2022-08-18 09:44:02'),
(71, 1, 6, 2, 'FEEDBACK -> DISQUALIFIED', 1, 0, '2022-08-18 09:44:03', '2022-08-18 09:44:03'),
(72, 1, 5, 2, 'OFFER -> DISQUALIFIED', 1, 0, '2022-08-18 09:44:05', '2022-08-18 09:44:05'),
(73, 1, 7, 2, 'INTERVIEW -> OFFER', 1, 0, '2022-08-18 09:44:07', '2022-08-18 09:44:07'),
(74, 1, 4, 2, 'INTERVIEW -> OFFER', 1, 0, '2022-08-18 09:44:08', '2022-08-18 09:44:08'),
(75, 1, 7, 2, 'OFFER -> APPLIED', 1, 0, '2022-08-18 09:48:42', '2022-08-18 09:48:42'),
(76, 1, 4, 2, 'OFFER -> APPLIED', 1, 0, '2022-08-18 09:48:44', '2022-08-18 09:48:44'),
(77, 1, 1, 2, 'DISQUALIFIED -> APPLIED', 1, 0, '2022-08-18 09:48:46', '2022-08-18 09:48:46'),
(78, 1, 5, 2, 'DISQUALIFIED -> APPLIED', 1, 0, '2022-08-18 09:48:52', '2022-08-18 09:48:52'),
(79, 1, 6, 2, 'DISQUALIFIED -> APPLIED', 1, 0, '2022-08-18 09:48:54', '2022-08-18 09:48:54'),
(80, 1, 1, 2, 'APPLIED -> FEEDBACK', 1, 0, '2022-08-18 09:49:04', '2022-08-18 09:49:04'),
(81, 1, 5, 2, 'APPLIED -> INTERVIEW', 1, 0, '2022-08-18 09:49:07', '2022-08-18 09:49:07'),
(82, 1, 7, 2, 'APPLIED -> FEEDBACK', 1, 0, '2022-08-18 09:49:09', '2022-08-18 09:49:09'),
(83, 1, 6, 2, 'APPLIED -> INTERVIEW', 1, 0, '2022-08-18 09:49:10', '2022-08-18 09:49:10'),
(84, 1, 4, 2, 'APPLIED -> INTERVIEW', 1, 0, '2022-08-18 09:49:14', '2022-08-18 09:49:14'),
(85, 1, 1, 2, 'FEEDBACK -> OFFER', 1, 0, '2022-08-18 09:49:22', '2022-08-18 09:49:22'),
(86, 1, 6, 2, 'INTERVIEW -> OFFER', 1, 0, '2022-08-18 09:49:24', '2022-08-18 09:49:24'),
(87, 1, 1, 2, 'OFFER -> APPLIED', 1, 0, '2022-08-18 09:49:26', '2022-08-18 09:49:26'),
(88, 1, 6, 2, 'OFFER -> APPLIED', 1, 0, '2022-08-18 09:49:29', '2022-08-18 09:49:29'),
(89, 1, 1, 2, 'APPLIED -> FEEDBACK', 1, 0, '2022-08-18 09:49:41', '2022-08-18 09:49:41'),
(90, 1, 6, 2, 'APPLIED -> OFFER', 1, 0, '2022-08-18 09:49:46', '2022-08-18 09:49:46'),
(91, 1, 4, 2, 'INTERVIEW -> DISQUALIFIED', 1, 0, '2022-08-18 09:49:47', '2022-08-18 09:49:47'),
(92, 1, 5, 2, 'INTERVIEW -> OFFER', 1, 0, '2022-08-18 09:49:50', '2022-08-18 09:49:50'),
(93, 1, 7, 2, 'FEEDBACK -> HIRED', 1, 0, '2022-08-18 09:49:52', '2022-08-18 09:49:52'),
(94, 1, 1, 2, 'FEEDBACK -> APPLIED', 1, 0, '2022-08-18 09:53:43', '2022-08-18 09:53:43'),
(95, 1, 5, 2, 'OFFER -> APPLIED', 1, 0, '2022-08-18 09:53:44', '2022-08-18 09:53:44'),
(96, 1, 1, 2, 'APPLIED -> APPLIED', 1, 0, '2022-08-18 09:53:46', '2022-08-18 09:53:46'),
(97, 1, 6, 2, 'OFFER -> APPLIED', 1, 0, '2022-08-18 09:53:48', '2022-08-18 09:53:48'),
(98, 1, 1, 2, 'APPLIED -> INTERVIEW', 1, 0, '2022-08-18 09:54:03', '2022-08-18 09:54:03'),
(99, 1, 6, 2, 'APPLIED -> FEEDBACK', 1, 0, '2022-08-18 09:54:04', '2022-08-18 09:54:04'),
(100, 1, 5, 2, 'APPLIED -> INTERVIEW', 1, 0, '2022-08-18 09:54:06', '2022-08-18 09:54:06'),
(101, 1, 5, 2, 'INTERVIEW -> OFFER', 1, 0, '2022-08-18 09:54:12', '2022-08-18 09:54:12'),
(102, 1, 1, 2, 'INTERVIEW -> DISQUALIFIED', 1, 0, '2022-08-18 09:54:13', '2022-08-18 09:54:13'),
(103, 1, 6, 2, 'FEEDBACK -> OFFER', 1, 0, '2022-08-18 09:54:16', '2022-08-18 09:54:16'),
(104, 1, 1, 2, 'DISQUALIFIED -> APPLIED', 1, 0, '2022-08-18 10:47:00', '2022-08-18 10:47:00'),
(105, 1, 6, 2, 'OFFER -> APPLIED', 1, 0, '2022-08-18 10:47:04', '2022-08-18 10:47:04'),
(106, 1, 1, 2, 'APPLIED -> FEEDBACK', 1, 0, '2022-08-18 10:47:20', '2022-08-18 10:47:20'),
(107, 1, 6, 2, 'APPLIED -> FEEDBACK', 1, 0, '2022-08-18 10:47:30', '2022-08-18 10:47:30'),
(108, 1, 1, 2, 'FEEDBACK -> INTERVIEW', 1, 0, '2022-08-18 10:47:53', '2022-08-18 10:47:53'),
(109, 1, 6, 2, 'FEEDBACK -> FEEDBACK', 1, 0, '2022-08-18 10:47:57', '2022-08-18 10:47:57'),
(110, 1, 6, 2, 'FEEDBACK -> INTERVIEW', 1, 0, '2022-08-18 10:47:59', '2022-08-18 10:47:59'),
(111, 1, 6, 2, 'INTERVIEW -> OFFER', 1, 0, '2022-08-18 10:48:02', '2022-08-18 10:48:02'),
(112, 1, 6, 2, 'OFFER -> DISQUALIFIED', 1, 0, '2022-08-18 10:48:05', '2022-08-18 10:48:05'),
(113, 1, 4, 2, 'DISQUALIFIED -> OFFER', 1, 0, '2022-08-18 10:48:07', '2022-08-18 10:48:07'),
(117, 3, 2, 3, 'Interview Scheduled @ 2022-08-25T09:30:00.000Z', 0, 0, '2022-08-18 11:16:44', '2022-08-18 11:16:44'),
(118, 3, 2, 3, 'Interview Scheduled @ 2022-08-25T09:30:00.000Z', 0, 0, '2022-08-18 11:16:45', '2022-08-18 11:16:45'),
(119, 3, 2, 3, 'Interview Scheduled @ 2022-08-25T09:30:00.000Z', 0, 0, '2022-08-18 11:16:45', '2022-08-18 11:16:45'),
(120, 3, 2, 3, 'Interview Scheduled @ 2022-08-25T09:30:00.000Z', 0, 0, '2022-08-18 11:16:45', '2022-08-18 11:16:45'),
(121, 3, 2, 3, 'Interview Scheduled @ 2022-08-25T09:30:00.000Z', 0, 0, '2022-08-18 11:16:46', '2022-08-18 11:16:46'),
(122, 3, 2, 3, 'Interview Scheduled @ 2022-08-25T09:30:00.000Z', 0, 0, '2022-08-18 11:16:46', '2022-08-18 11:16:46'),
(123, 3, 2, 3, 'OFFER -> APPLIED', 1, 0, '2022-08-18 11:18:10', '2022-08-18 11:18:10'),
(124, 3, 2, 3, 'APPLIED -> APPLIED', 1, 0, '2022-08-18 11:18:17', '2022-08-18 11:18:17'),
(125, 3, 2, 3, 'APPLIED -> FEEDBACK', 1, 0, '2022-08-18 11:19:24', '2022-08-18 11:19:24'),
(126, 3, 2, 3, 'FEEDBACK -> INTERVIEW', 1, 0, '2022-08-18 11:19:33', '2022-08-18 11:19:33'),
(127, 3, 2, 3, 'INTERVIEW -> OFFER', 1, 0, '2022-08-18 11:19:45', '2022-08-18 11:19:45'),
(128, 3, 2, 3, 'OFFER -> DISQUALIFIED', 1, 0, '2022-08-18 11:19:50', '2022-08-18 11:19:50'),
(130, 1, 6, 2, 'DISQUALIFIED -> HIRED', 1, 0, '2022-08-18 14:08:43', '2022-08-18 14:08:43'),
(132, 3, 2, 3, 'Interview Scheduled @ 2022-08-20T10:00:00.000Z', 0, 0, '2022-08-19 03:41:10', '2022-08-19 03:41:10'),
(133, 3, 2, 3, 'Interview Scheduled @ 2022-08-20T10:00:00.000Z', 0, 0, '2022-08-19 03:41:13', '2022-08-19 03:41:13'),
(134, 3, 2, 3, 'Interview Scheduled @ 2022-08-20T10:00:00.000Z', 0, 0, '2022-08-19 03:41:13', '2022-08-19 03:41:13'),
(135, 3, 2, 3, 'Interview Scheduled @ 2022-08-20T10:00:00.000Z', 0, 0, '2022-08-19 03:41:13', '2022-08-19 03:41:13'),
(136, 3, 2, 3, 'Interview Scheduled @ 2022-08-20T10:00:00.000Z', 0, 0, '2022-08-19 03:41:13', '2022-08-19 03:41:13'),
(137, 3, 2, 3, 'DISQUALIFIED -> OFFER', 1, 0, '2022-08-19 04:06:31', '2022-08-19 04:06:31'),
(138, 3, 2, 3, 'OFFER -> INTERVIEW', 1, 0, '2022-08-19 04:06:36', '2022-08-19 04:06:36'),
(139, 3, 2, 3, 'INTERVIEW -> APPLIED', 1, 0, '2022-08-19 04:06:38', '2022-08-19 04:06:38'),
(140, 3, 2, 3, 'hi', 0, 0, '2022-08-19 04:07:04', '2022-08-19 04:07:04'),
(141, 3, 2, 3, 'APPLIED -> INTERVIEW', 1, 0, '2022-08-19 04:08:16', '2022-08-19 04:08:16'),
(142, 5, 8, 4, 'telephonic interview done', 0, 0, '2022-08-19 05:58:14', '2022-08-19 05:58:14'),
(143, 7, 14, 4, 'F2F INTERVIEW ON 20.8.22', 0, 0, '2022-08-19 08:11:03', '2022-08-19 08:11:03'),
(144, 7, 14, 4, 'Interview Scheduled @ 2022-08-20T11:45:00.000Z', 0, 0, '2022-08-19 08:12:08', '2022-08-19 08:12:08'),
(145, 7, 15, 4, 'APPLIED -> OFFER', 1, 0, '2022-08-19 08:22:52', '2022-08-19 08:22:52'),
(146, 7, 15, 4, 'OFFER -> DISQUALIFIED', 1, 0, '2022-08-19 08:22:53', '2022-08-19 08:22:53'),
(147, 3, 2, 3, 'INTERVIEW -> APPLIED', 1, 0, '2022-08-19 11:24:42', '2022-08-19 11:24:42'),
(148, 3, 2, 3, 'APPLIED -> OFFER', 1, 0, '2022-08-19 11:24:48', '2022-08-19 11:24:48'),
(149, 3, 2, 3, 'OFFER -> APPLIED', 1, 0, '2022-08-19 11:25:13', '2022-08-19 11:25:13'),
(150, 3, 2, 3, 'APPLIED -> OFFER', 1, 0, '2022-08-19 11:25:25', '2022-08-19 11:25:25'),
(151, 3, 2, 3, 'OFFER -> APPLIED', 1, 0, '2022-08-19 11:29:22', '2022-08-19 11:29:22'),
(152, 3, 2, 3, 'APPLIED -> APPLIED', 1, 0, '2022-08-19 11:29:31', '2022-08-19 11:29:31'),
(153, 3, 2, 3, 'APPLIED -> APPLIED', 1, 0, '2022-08-19 11:29:37', '2022-08-19 11:29:37'),
(154, 3, 2, 3, 'APPLIED -> APPLIED', 1, 0, '2022-08-19 11:29:51', '2022-08-19 11:29:51'),
(155, 3, 2, 3, 'APPLIED -> FEEDBACK', 1, 0, '2022-08-19 11:47:15', '2022-08-19 11:47:15'),
(156, 3, 2, 3, 'FEEDBACK -> APPLIED', 1, 0, '2022-08-19 11:48:37', '2022-08-19 11:48:37'),
(157, 3, 2, 3, 'APPLIED -> APPLIED', 1, 0, '2022-08-19 11:48:46', '2022-08-19 11:48:46'),
(158, 3, 2, 3, 'APPLIED -> APPLIED', 1, 0, '2022-08-19 11:48:54', '2022-08-19 11:48:54'),
(159, 3, 2, 3, 'APPLIED -> APPLIED', 1, 0, '2022-08-19 11:48:55', '2022-08-19 11:48:55'),
(160, 3, 2, 3, 'APPLIED -> FEEDBACK', 1, 0, '2022-08-19 15:12:22', '2022-08-19 15:12:22'),
(161, 3, 2, 3, 'FEEDBACK -> INTERVIEW', 1, 0, '2022-08-19 15:12:26', '2022-08-19 15:12:26'),
(162, 3, 2, 3, 'Interview Scheduled @ 2022-08-26T09:00:00.000Z', 0, 0, '2022-08-19 15:22:48', '2022-08-19 15:22:48'),
(163, 3, 2, 3, 'Interview Scheduled @ 2022-08-26T09:00:00.000Z', 0, 0, '2022-08-19 15:22:51', '2022-08-19 15:22:51'),
(164, 3, 2, 3, 'INTERVIEW -> APPLIED', 1, 0, '2022-08-19 15:36:09', '2022-08-19 15:36:09'),
(165, 5, 3, 4, 'APPLIED -> FEEDBACK', 1, 0, '2022-08-20 05:09:07', '2022-08-20 05:09:07'),
(166, 5, 8, 4, 'APPLIED -> FEEDBACK', 1, 0, '2022-08-20 05:09:37', '2022-08-20 05:09:37'),
(167, 5, 10, 4, 'APPLIED -> INTERVIEW', 1, 0, '2022-08-20 05:09:49', '2022-08-20 05:09:49'),
(168, 5, 9, 4, 'APPLIED -> DISQUALIFIED', 1, 0, '2022-08-20 05:10:04', '2022-08-20 05:10:04'),
(169, 5, 12, 4, 'APPLIED -> INTERVIEW', 1, 0, '2022-08-20 05:10:13', '2022-08-20 05:10:13'),
(170, 5, 13, 4, 'APPLIED -> INTERVIEW', 1, 0, '2022-08-20 05:10:15', '2022-08-20 05:10:15'),
(171, 7, 18, 4, 'APPLIED -> FEEDBACK', 1, 0, '2022-08-20 05:14:26', '2022-08-20 05:14:26'),
(172, 3, 2, 3, 'APPLIED -> FEEDBACK', 1, 0, '2022-08-20 05:58:56', '2022-08-20 05:58:56'),
(173, 3, 2, 3, 'FEEDBACK -> INTERVIEW', 1, 0, '2022-08-20 05:59:02', '2022-08-20 05:59:02'),
(174, 3, 2, 3, 'INTERVIEW -> OFFER', 1, 0, '2022-08-20 05:59:07', '2022-08-20 05:59:07'),
(175, 3, 2, 3, 'OFFER -> HIRED', 1, 0, '2022-08-20 05:59:12', '2022-08-20 05:59:12'),
(176, 1, 1, 2, 'INTERVIEW -> APPLIED', 1, 0, '2022-08-20 06:13:35', '2022-08-20 06:13:35'),
(177, 1, 5, 2, 'OFFER -> APPLIED', 1, 0, '2022-08-20 06:13:37', '2022-08-20 06:13:37'),
(178, 1, 4, 2, 'OFFER -> APPLIED', 1, 0, '2022-08-20 06:13:39', '2022-08-20 06:13:39'),
(179, 1, 7, 2, 'HIRED -> APPLIED', 1, 0, '2022-08-20 06:13:42', '2022-08-20 06:13:42'),
(180, 1, 6, 2, 'HIRED -> APPLIED', 1, 0, '2022-08-20 06:13:44', '2022-08-20 06:13:44'),
(181, 5, 8, 4, 'FEEDBACK -> INTERVIEW', 1, 0, '2022-08-20 06:16:02', '2022-08-20 06:16:02'),
(182, 5, 13, 4, 'INTERVIEW -> DISQUALIFIED', 1, 0, '2022-08-20 06:17:57', '2022-08-20 06:17:57'),
(183, 3, 2, 3, 'HIRED -> APPLIED', 1, 0, '2022-08-20 06:31:42', '2022-08-20 06:31:42'),
(184, 3, 2, 3, 'APPLIED -> APPLIED', 1, 0, '2022-08-20 06:31:45', '2022-08-20 06:31:45'),
(185, 3, 2, 3, 'APPLIED -> APPLIED', 1, 0, '2022-08-20 06:31:52', '2022-08-20 06:31:52'),
(186, 3, 2, 3, 'APPLIED -> APPLIED', 1, 0, '2022-08-20 06:32:01', '2022-08-20 06:32:01'),
(187, 3, 2, 3, 'APPLIED -> APPLIED', 1, 0, '2022-08-20 06:32:06', '2022-08-20 06:32:06'),
(188, 3, 2, 3, 'APPLIED -> APPLIED', 1, 0, '2022-08-20 06:32:13', '2022-08-20 06:32:13'),
(189, 3, 2, 3, 'APPLIED -> APPLIED', 1, 0, '2022-08-20 06:32:19', '2022-08-20 06:32:19'),
(190, 5, 11, 4, 'APPLIED -> INTERVIEW', 1, 0, '2022-08-20 06:36:12', '2022-08-20 06:36:12'),
(191, 5, 11, 4, 'INTERVIEW -> APPLIED', 1, 0, '2022-08-20 06:49:32', '2022-08-20 06:49:32'),
(192, 5, 20, 4, 'APPLIED -> INTERVIEW', 1, 0, '2022-08-20 06:49:48', '2022-08-20 06:49:48'),
(193, 5, 20, 4, 'INTERVIEW -> INTERVIEW', 1, 0, '2022-08-20 06:50:34', '2022-08-20 06:50:34'),
(194, 5, 10, 4, 'INTERVIEW -> DISQUALIFIED', 1, 0, '2022-08-20 07:10:08', '2022-08-20 07:10:08'),
(195, 1, 6, 2, 'APPLIED -> FEEDBACK', 1, 0, '2022-08-20 07:24:19', '2022-08-20 07:24:19'),
(196, 1, 5, 2, 'APPLIED -> FEEDBACK', 1, 0, '2022-08-20 07:25:01', '2022-08-20 07:25:01'),
(197, 1, 6, 2, 'FEEDBACK -> APPLIED', 1, 0, '2022-08-20 07:25:04', '2022-08-20 07:25:04'),
(198, 7, 14, 4, 'Interview Scheduled @ 2022-08-22T12:00:00.000Z', 0, 0, '2022-08-20 08:07:04', '2022-08-20 08:07:04'),
(199, 7, 22, 4, 'not fit', 0, 0, '2022-08-20 10:02:39', '2022-08-20 10:02:39'),
(200, 7, 23, 4, 'unable to connect', 0, 0, '2022-08-20 10:31:03', '2022-08-20 10:31:03'),
(201, 7, 25, 4, 'Unable to Contact', 0, 0, '2022-08-20 10:44:01', '2022-08-20 10:44:01'),
(202, 7, 21, 4, 'Unable To Connect', 0, 0, '2022-08-20 10:44:36', '2022-08-20 10:44:36'),
(203, 7, 24, 4, 'Poor Communication Skills, Learning Coding, Unemployed for almost 1 year and very comfortable in Current Life style ', 0, 0, '2022-08-20 10:49:50', '2022-08-20 10:49:50'),
(204, 7, 24, 4, 'Reject', 0, 0, '2022-08-20 10:49:58', '2022-08-20 10:49:58'),
(205, 7, 15, 4, 'DISQUALIFIED -> APPLIED', 1, 0, '2022-08-20 10:50:27', '2022-08-20 10:50:27'),
(206, 7, 23, 4, 'Unable To Connect', 0, 0, '2022-08-20 10:52:16', '2022-08-20 10:52:16'),
(207, 7, 21, 4, 'Unable to Contact', 0, 0, '2022-08-20 10:53:16', '2022-08-20 10:53:16'),
(208, 7, 19, 4, 'Rejecting Call', 0, 0, '2022-08-20 10:55:43', '2022-08-20 10:55:43'),
(209, 7, 25, 4, 'Unable To Connect', 0, 0, '2022-08-20 11:07:11', '2022-08-20 11:07:11'),
(210, 7, 25, 4, 'C CTC - 3.6LPA', 0, 0, '2022-08-20 11:09:54', '2022-08-20 11:09:54'),
(211, 7, 25, 4, 'Expected CTC - 7', 0, 0, '2022-08-20 11:10:08', '2022-08-20 11:10:08'),
(212, 7, 15, 4, 'APPLIED -> APPLIED', 1, 0, '2022-08-20 11:10:37', '2022-08-20 11:10:37'),
(213, 5, 3, 10, 'FEEDBACK -> APPLIED', 1, 0, '2022-08-21 07:35:50', '2022-08-21 07:35:50'),
(214, 5, 9, 10, 'DISQUALIFIED -> APPLIED', 1, 0, '2022-08-21 07:44:53', '2022-08-21 07:44:53'),
(215, 5, 13, 10, 'DISQUALIFIED -> APPLIED', 1, 0, '2022-08-21 07:44:57', '2022-08-21 07:44:57'),
(216, 5, 10, 4, 'DISQUALIFIED -> APPLIED', 1, 0, '2022-08-21 08:42:41', '2022-08-21 08:42:41'),
(217, 5, 10, 4, 'APPLIED -> APPLIED', 1, 0, '2022-08-21 08:42:46', '2022-08-21 08:42:46'),
(218, 1, 1, 2, 'Interview Scheduled @ Saturday, August 27th 2022, 2:23 pm with Prakhar Singh on test position', 1, 0, '2022-08-21 08:54:04', '2022-08-21 08:54:04'),
(223, 1, 29, 2, 'Interview Scheduled @ Saturday, August 27th 2022, 2:54 pm with Bob SSJ on test position', 1, 0, '2022-08-21 09:24:35', '2022-08-21 09:24:35'),
(224, 1, 5, 2, 'FEEDBACK -> APPLIED', 1, 0, '2022-08-21 11:42:45', '2022-08-21 11:42:45'),
(225, 5, 9, 4, 'APPLIED -> DISQUALIFIED', 1, 0, '2022-08-22 04:52:34', '2022-08-22 04:52:34'),
(226, 5, 9, 4, 'DISQUALIFIED -> DISQUALIFIED', 1, 0, '2022-08-22 04:52:41', '2022-08-22 04:52:41'),
(227, 5, 28, 4, 'APPLIED -> DISQUALIFIED', 1, 0, '2022-08-22 04:52:53', '2022-08-22 04:52:53'),
(228, 3, 2, 3, 'APPLIED -> INTERVIEW', 1, 0, '2022-08-22 05:55:22', '2022-08-22 05:55:22'),
(229, 5, 20, 10, 'The candidate is not at all up to mark. His sales numbers are not matching at all. Please make sure that you don not add any candidate who are looking for change due to salary issues.', 0, 0, '2022-08-22 07:15:31', '2022-08-22 07:15:31'),
(230, 5, 20, 4, 'noted', 0, 0, '2022-08-22 07:28:14', '2022-08-22 07:28:14'),
(231, 5, 20, 10, 'INTERVIEW -> APPLIED', 1, 0, '2022-08-22 07:46:12', '2022-08-22 07:46:12'),
(232, 5, 28, 10, 'DISQUALIFIED -> APPLIED', 1, 0, '2022-08-22 07:46:37', '2022-08-22 07:46:37'),
(233, 5, 9, 10, 'DISQUALIFIED -> APPLIED', 1, 0, '2022-08-22 07:46:55', '2022-08-22 07:46:55'),
(234, 5, 20, 10, 'APPLIED -> DISQUALIFIED', 1, 0, '2022-08-22 08:14:40', '2022-08-22 08:14:40'),
(235, 5, 28, 10, 'APPLIED -> DISQUALIFIED', 1, 0, '2022-08-22 08:15:13', '2022-08-22 08:15:13'),
(236, 5, 9, 4, 'APPLIED -> DISQUALIFIED', 1, 0, '2022-08-22 08:16:14', '2022-08-22 08:16:14'),
(237, 5, 27, 4, 'unreachable', 0, 0, '2022-08-22 08:25:57', '2022-08-22 08:25:57'),
(238, 5, 3, 10, 'APPLIED -> FEEDBACK', 1, 0, '2022-08-22 10:17:59', '2022-08-22 10:17:59'),
(239, 5, 10, 10, 'APPLIED -> INTERVIEW', 1, 0, '2022-08-22 10:18:18', '2022-08-22 10:18:18'),
(240, 5, 13, 10, 'APPLIED -> DISQUALIFIED', 1, 0, '2022-08-22 10:19:24', '2022-08-22 10:19:24'),
(241, 5, 12, 10, 'Interview Scheduled @ Monday, August 22nd 2022, 4:00 pm with Abhishek Saini on SALES EXECUTIVE', 1, 0, '2022-08-22 10:26:41', '2022-08-22 10:26:41'),
(242, 5, 26, 4, 'sending updated resume', 0, 0, '2022-08-22 11:20:11', '2022-08-22 11:20:11'),
(243, 1, 1, 2, 'APPLIED -> FEEDBACK', 1, 0, '2022-08-22 17:01:50', '2022-08-22 17:01:50'),
(244, 7, 19, 4, 'not fit', 0, 0, '2022-08-23 06:16:25', '2022-08-23 06:16:25'),
(245, 7, 25, 4, 'location constraint', 0, 0, '2022-08-23 06:19:49', '2022-08-23 06:19:49'),
(246, 5, 12, 10, 'Interview Scheduled @ Tuesday, August 23rd 2022, 12:00 pm with Abhishek Saini on SALES EXECUTIVE', 1, 0, '2022-08-23 06:21:18', '2022-08-23 06:21:18'),
(247, 5, 12, 10, 'Hi', 0, 0, '2022-08-23 06:24:00', '2022-08-23 06:24:00'),
(248, 7, 23, 4, 'not fit', 0, 0, '2022-08-23 06:46:17', '2022-08-23 06:46:17'),
(249, 7, 23, 4, 'poor communication skills', 0, 0, '2022-08-23 06:46:32', '2022-08-23 06:46:32'),
(250, 5, 26, 4, 'Interview Scheduled @ Tuesday, August 23rd 2022, 3:13 pm with ARYAN ARORA on SALES EXECUTIVE', 1, 0, '2022-08-23 09:06:08', '2022-08-23 09:06:08'),
(251, 3, 2, 3, '', 0, 0, '2022-08-23 12:14:26', '2022-08-23 12:14:26'),
(252, 11, 31, 4, 'unable to connect', 0, 0, '2022-08-23 12:20:49', '2022-08-23 12:20:49'),
(253, 11, 31, 4, 'unable to connect', 0, 0, '2022-08-23 12:20:49', '2022-08-23 12:20:49'),
(254, 11, 31, 4, 'unable to connect', 0, 0, '2022-08-23 12:21:07', '2022-08-23 12:21:07'),
(255, 11, 31, 4, 'unable to connect', 0, 0, '2022-08-23 12:21:07', '2022-08-23 12:21:07'),
(256, 11, 31, 4, 'unable to connect', 0, 0, '2022-08-23 12:21:07', '2022-08-23 12:21:07'),
(257, 11, 31, 4, 'unable to connect', 0, 0, '2022-08-23 12:21:07', '2022-08-23 12:21:07'),
(258, 11, 31, 4, 'unable to connect', 0, 0, '2022-08-23 12:21:07', '2022-08-23 12:21:07'),
(259, 11, 31, 4, 'unable to connect', 0, 0, '2022-08-23 12:21:07', '2022-08-23 12:21:07'),
(260, 11, 31, 4, 'unable to connect', 0, 0, '2022-08-23 12:21:07', '2022-08-23 12:21:07'),
(261, 11, 31, 4, 'unable to connect', 0, 0, '2022-08-23 12:21:07', '2022-08-23 12:21:07'),
(262, 11, 31, 4, 'unable to connect', 0, 0, '2022-08-23 12:21:07', '2022-08-23 12:21:07'),
(263, 11, 31, 4, 'unable to connect', 0, 0, '2022-08-23 12:21:07', '2022-08-23 12:21:07'),
(264, 11, 31, 4, 'unable to connect', 0, 0, '2022-08-23 12:21:07', '2022-08-23 12:21:07'),
(265, 11, 31, 4, 'unable to connect', 0, 0, '2022-08-23 12:21:07', '2022-08-23 12:21:07'),
(266, 11, 31, 4, 'unable to connect', 0, 0, '2022-08-23 12:21:07', '2022-08-23 12:21:07'),
(267, 11, 31, 4, 'unable to connect', 0, 0, '2022-08-23 12:21:07', '2022-08-23 12:21:07'),
(268, 3, 2, 3, '2:00 pm', 0, 0, '2022-08-23 12:21:48', '2022-08-23 12:21:48'),
(269, 9, 38, 10, 'Interview Scheduled @ Thursday, August 25th 2022, 11:00 am with Ankit Khanduri on ECOMMERCE MANAGER', 1, 0, '2022-08-24 15:58:33', '2022-08-24 15:58:33'),
(270, 9, 38, 10, 'Interview Scheduled @ Thursday, August 25th 2022, 11:00 am with Ankit Khanduri on ECOMMERCE MANAGER', 1, 0, '2022-08-24 16:00:59', '2022-08-24 16:00:59'),
(271, 9, 38, 10, 'Interview Scheduled @ Thursday, August 25th 2022, 11:01 am with Ankit Khanduri on ECOMMERCE MANAGER', 1, 0, '2022-08-24 16:01:44', '2022-08-24 16:01:44'),
(273, 1, 5, 2, 'Interview Scheduled @ Saturday, September 10th 2022, 10:50 pm with Tushar Sharma on test position', 1, 0, '2022-08-26 07:58:42', '2022-08-26 07:58:42'),
(274, 2, 39, 2, 'Interview Scheduled @ Wednesday, August 31st 2022, 3:00 pm with aproov verma on test pos', 1, 0, '2022-08-26 09:30:16', '2022-08-26 09:30:16'),
(277, 2, 45, 2, 'Interview Scheduled @ Thursday, September 1st 2022, 5:00 pm with Tushar Sharma on test pos', 1, 0, '2022-08-28 10:20:48', '2022-08-28 10:20:48'),
(278, 14, 47, 17, 'Interview Scheduled @ Tuesday, August 30th 2022, 2:00 pm with test test on new test job', 1, 0, '2022-08-29 00:14:36', '2022-08-29 00:14:36'),
(279, 9, 48, 10, 'hi', 0, 0, '2022-08-29 00:30:51', '2022-08-29 00:30:51'),
(280, 9, 48, 10, 'Interview Scheduled @ Tuesday, August 30th 2022, 7:02 am with Saurabh Bindoliya on ECOMMERCE MANAGER', 1, 0, '2022-08-29 00:32:00', '2022-08-29 00:32:00'),
(281, 7, 50, 4, 'unable to connect for 2nd round', 0, 0, '2022-08-29 07:35:15', '2022-08-29 07:35:15'),
(282, 7, 21, 4, 'unable to connect', 0, 0, '2022-08-29 07:36:03', '2022-08-29 07:36:03'),
(283, 7, 49, 4, 'coming on 20.8.22 for face to face interview.', 0, 0, '2022-08-29 07:38:53', '2022-08-29 07:38:53'),
(284, 7, 23, 4, 'looking for a job in Saharanpur', 0, 0, '2022-08-29 07:41:45', '2022-08-29 07:41:45'),
(285, 7, 52, 4, 'Interview Scheduled @ Monday, August 29th 2022, 3:32 pm with SyedAzhar Sultan on TALENT ACQUISITION EXECUTIVE', 1, 0, '2022-08-29 08:45:28', '2022-08-29 08:45:28'),
(286, 7, 49, 4, 'Interview Scheduled @ Tuesday, August 30th 2022, 11:00 am with Ayush Rathore on TALENT ACQUISITION EXECUTIVE', 1, 0, '2022-08-29 08:47:05', '2022-08-29 08:47:05'),
(287, 7, 21, 4, 'good. 2nd round tomorrow', 0, 0, '2022-08-29 09:39:35', '2022-08-29 09:39:35'),
(288, 1, 5, 2, 'Interview Scheduled @ Sunday, September 11th 2022, 3:52 pm with Tushar Sharma on test position', 1, 0, '2022-08-29 10:22:37', '2022-08-29 10:22:37'),
(289, 7, 52, 4, 'reconnect on 31.8.22', 0, 0, '2022-08-29 10:36:51', '2022-08-29 10:36:51'),
(290, 7, 51, 4, 'location constraint', 0, 0, '2022-08-29 11:49:22', '2022-08-29 11:49:22'),
(293, 1, 5, 2, 'Interview Scheduled @ Thursday, September 1st 2022, 12:00 am with Tushar Sharma on test position', 1, 0, '2022-08-29 17:27:50', '2022-08-29 17:27:50'),
(294, 5, 28, 4, 'APPLIED -> FEEDBACK', 1, 0, '2022-08-30 05:57:36', '2022-08-30 05:57:36'),
(295, 5, 11, 4, 'APPLIED -> INTERVIEW', 1, 0, '2022-08-30 06:02:10', '2022-08-30 06:02:10'),
(296, 5, 43, 4, 'Interview Scheduled @ Friday, September 2nd 2022, 11:00 am with Nitin Gupta on SALES EXECUTIVE', 1, 0, '2022-08-30 07:31:43', '2022-08-30 07:31:43'),
(297, 5, 13, 4, 'APPLIED -> DISQUALIFIED', 1, 0, '2022-08-30 07:36:33', '2022-08-30 07:36:33'),
(298, 5, 13, 4, 'DISQUALIFIED -> DISQUALIFIED', 1, 0, '2022-08-30 07:39:12', '2022-08-30 07:39:12'),
(299, 5, 43, 4, 'APPLIED -> INTERVIEW', 1, 0, '2022-08-30 07:57:03', '2022-08-30 07:57:03'),
(300, 5, 10, 4, 'JOINED SOMEWHERE ELSE', 0, 0, '2022-08-30 07:58:11', '2022-08-30 07:58:11'),
(301, 5, 13, 4, 'DISQUALIFIED -> DISQUALIFIED', 1, 0, '2022-08-30 07:58:20', '2022-08-30 07:58:20'),
(302, 3, 2, 3, 'HIRED -> OFFER', 1, 0, '2022-08-30 10:36:58', '2022-08-30 10:36:58'),
(303, 3, 2, 3, 'OFFER -> INTERVIEW', 1, 0, '2022-08-30 10:37:01', '2022-08-30 10:37:01'),
(304, 3, 2, 3, 'INTERVIEW -> APPLIED', 1, 0, '2022-08-30 10:37:53', '2022-08-30 10:37:53'),
(305, 3, 2, 3, 'APPLIED -> INTERVIEW', 1, 0, '2022-08-30 10:40:38', '2022-08-30 10:40:38'),
(306, 3, 2, 3, 'INTERVIEW -> OFFER', 1, 0, '2022-08-30 10:40:44', '2022-08-30 10:40:44'),
(307, 3, 2, 3, 'OFFER -> FEEDBACK', 1, 0, '2022-08-30 10:41:11', '2022-08-30 10:41:11'),
(308, 3, 2, 3, 'FEEDBACK -> APPLIED', 1, 0, '2022-08-30 10:41:19', '2022-08-30 10:41:19'),
(309, 3, 2, 3, 'APPLIED -> FEEDBACK', 1, 0, '2022-08-30 10:49:39', '2022-08-30 10:49:39'),
(310, 5, 10, 4, 'APPLIED -> DISQUALIFIED', 1, 0, '2022-08-31 06:45:52', '2022-08-31 06:45:52'),
(311, 3, 2, 3, 'FEEDBACK -> APPLIED', 1, 0, '2022-08-31 11:16:09', '2022-08-31 11:16:09'),
(312, 7, 49, 4, 'APPLIED -> OFFER', 1, 0, '2022-09-01 05:48:43', '2022-09-01 05:48:43'),
(313, 7, 49, 4, 'OFFER -> HIRED', 1, 0, '2022-09-01 05:48:47', '2022-09-01 05:48:47'),
(314, 9, 56, 4, 'has become unresponsive when asked for background check', 0, 0, '2022-09-01 08:25:34', '2022-09-01 08:25:34'),
(315, 1, 5, 2, 'APPLIED -> FEEDBACK', 1, 0, '2022-09-01 08:27:08', '2022-09-01 08:27:08'),
(316, 1, 6, 2, 'APPLIED -> FEEDBACK', 1, 0, '2022-09-01 08:27:09', '2022-09-01 08:27:09'),
(317, 1, 4, 2, 'INTERVIEW -> FEEDBACK', 1, 0, '2022-09-01 08:27:11', '2022-09-01 08:27:11'),
(318, 1, 37, 2, 'FEEDBACK -> INTERVIEW', 1, 0, '2022-09-01 08:27:14', '2022-09-01 08:27:14'),
(319, 1, 5, 2, 'FEEDBACK -> INTERVIEW', 1, 0, '2022-09-01 08:27:15', '2022-09-01 08:27:15'),
(320, 1, 7, 2, 'FEEDBACK -> OFFER', 1, 0, '2022-09-01 08:27:16', '2022-09-01 08:27:16'),
(321, 9, 57, 4, 'has not provided roi graph', 0, 0, '2022-09-01 08:27:37', '2022-09-01 08:27:37'),
(322, 5, 59, 4, 'APPLIED -> INTERVIEW', 1, 0, '2022-09-01 09:29:00', '2022-09-01 09:29:00'),
(323, 5, 60, 4, 'APPLIED -> INTERVIEW', 1, 0, '2022-09-01 09:38:45', '2022-09-01 09:38:45'),
(324, 5, 61, 4, 'APPLIED -> INTERVIEW', 1, 0, '2022-09-01 09:46:58', '2022-09-01 09:46:58'),
(325, 5, 8, 4, 'Interview Scheduled @ Thursday, September 1st 2022, 4:30 pm with ABHINAV Kumar on SALES EXECUTIVE', 1, 0, '2022-09-01 10:28:51', '2022-09-01 10:28:51'),
(326, 5, 12, 4, 'Interview Scheduled @ Thursday, September 1st 2022, 4:15 pm with Abhishek Saini on SALES EXECUTIVE', 1, 0, '2022-09-01 10:30:01', '2022-09-01 10:30:01'),
(327, 5, 11, 4, 'INTERVIEW -> DISQUALIFIED', 1, 0, '2022-09-01 10:30:24', '2022-09-01 10:30:24'),
(328, 5, 63, 4, 'STRONG HOLD IN PHARMA DIVISION', 0, 0, '2022-09-01 11:45:54', '2022-09-01 11:45:54'),
(329, 5, 63, 4, 'CAN BE BENEFICIAL FOR LATTE AND SHOTS', 0, 0, '2022-09-01 11:46:11', '2022-09-01 11:46:11'),
(330, 5, 63, 4, 'PART TIME ENGAGEMENT', 0, 0, '2022-09-01 11:46:20', '2022-09-01 11:46:20'),
(331, 5, 62, 4, '10DAYS NOTICE PERIOD', 0, 0, '2022-09-01 12:05:59', '2022-09-01 12:05:59'),
(333, 1, 1, 2, 'INTERVIEW -> OFFER', 1, 0, '2022-09-02 12:41:04', '2022-09-02 12:41:04'),
(334, 1, 5, 2, 'INTERVIEW -> OFFER', 1, 0, '2022-09-02 12:41:05', '2022-09-02 12:41:05'),
(335, 1, 7, 2, 'OFFER -> DISQUALIFIED', 1, 0, '2022-09-02 12:41:21', '2022-09-02 12:41:21'),
(336, 1, 5, 2, 'OFFER -> DISQUALIFIED', 1, 0, '2022-09-02 12:41:22', '2022-09-02 12:41:22'),
(340, 1, 64, 2, 'Interview Scheduled @ Wednesday, March 9th 2022, 5:30 pm with Rocket rock on test position', 1, 0, '2022-09-02 12:50:17', '2022-09-02 12:50:17'),
(341, 1, 64, 2, 'Interview Scheduled @ Saturday, September 3rd 2022, 5:30 pm with Rocket rock on test position', 1, 0, '2022-09-02 12:52:05', '2022-09-02 12:52:05'),
(342, 1, 1, 2, 'OFFER -> DISQUALIFIED', 1, 0, '2022-09-02 12:58:35', '2022-09-02 12:58:35'),
(343, 1, 1, 2, 'DISQUALIFIED -> INTERVIEW', 1, 0, '2022-09-02 12:58:50', '2022-09-02 12:58:50'),
(344, 1, 1, 2, 'INTERVIEW -> FEEDBACK', 1, 0, '2022-09-03 01:07:47', '2022-09-03 01:07:47'),
(355, 3, 2, 3, 'APPLIED -> FEEDBACK', 1, 0, '2022-09-05 05:10:02', '2022-09-05 05:10:02'),
(356, 3, 2, 3, 'FEEDBACK -> INTERVIEW', 1, 0, '2022-09-05 05:10:05', '2022-09-05 05:10:05'),
(357, 3, 2, 3, 'INTERVIEW -> OFFER', 1, 0, '2022-09-05 05:10:08', '2022-09-05 05:10:08'),
(358, 7, 51, 4, 'INTERVIEW -> OFFER', 1, 0, '2022-09-08 11:22:13', '2022-09-08 11:22:13'),
(359, 7, 52, 4, 'INTERVIEW -> OFFER', 1, 0, '2022-09-08 11:22:18', '2022-09-08 11:22:18'),
(360, 7, 50, 4, 'INTERVIEW -> OFFER', 1, 0, '2022-09-08 11:22:20', '2022-09-08 11:22:20'),
(361, 7, 50, 4, 'OFFER -> OFFER', 1, 0, '2022-09-08 11:22:23', '2022-09-08 11:22:23'),
(362, 7, 50, 4, 'OFFER -> OFFER', 1, 0, '2022-09-08 11:22:25', '2022-09-08 11:22:25'),
(363, 1, 4, 2, 'FEEDBACK -> APPLIED', 1, 0, '2022-09-08 18:16:50', '2022-09-08 18:16:50'),
(364, 1, 4, 2, 'APPLIED -> FEEDBACK', 1, 0, '2022-09-08 18:16:56', '2022-09-08 18:16:56'),
(365, 1, 4, 2, 'FEEDBACK -> APPLIED', 1, 0, '2022-09-08 18:17:02', '2022-09-08 18:17:02'),
(366, 1, 4, 2, 'APPLIED -> FEEDBACK', 1, 0, '2022-09-08 18:17:06', '2022-09-08 18:17:06'),
(367, 1, 4, 2, 'FEEDBACK -> APPLIED', 1, 0, '2022-09-08 18:17:11', '2022-09-08 18:17:11'),
(368, 5, 26, 10, 'APPLIED -> FEEDBACK', 1, 0, '2022-09-13 06:18:00', '2022-09-13 06:18:00'),
(369, 5, 26, 10, 'FEEDBACK -> OFFER', 1, 0, '2022-09-13 06:18:48', '2022-09-13 06:18:48'),
(370, 5, 26, 10, 'OFFER -> INTERVIEW', 1, 0, '2022-09-13 06:18:54', '2022-09-13 06:18:54'),
(371, 5, 27, 10, 'APPLIED -> FEEDBACK', 1, 0, '2022-09-15 07:10:41', '2022-09-15 07:10:41'),
(372, 5, 27, 10, 'FEEDBACK -> DISQUALIFIED', 1, 0, '2022-09-15 07:10:47', '2022-09-15 07:10:47'),
(373, 5, 62, 4, 'APPLIED -> OFFER', 1, 0, '2022-09-15 07:57:50', '2022-09-15 07:57:50'),
(374, 5, 62, 4, 'OFFER -> DISQUALIFIED', 1, 0, '2022-09-15 07:57:55', '2022-09-15 07:57:55'),
(375, 5, 63, 4, 'APPLIED -> OFFER', 1, 0, '2022-09-15 07:58:09', '2022-09-15 07:58:09'),
(376, 5, 63, 4, 'OFFER -> DISQUALIFIED', 1, 0, '2022-09-15 07:58:14', '2022-09-15 07:58:14'),
(377, 5, 65, 4, 'APPLIED -> FEEDBACK', 1, 0, '2022-09-15 08:04:00', '2022-09-15 08:04:00'),
(378, 5, 65, 4, 'came for face to face interview', 0, 0, '2022-09-15 08:05:28', '2022-09-15 08:05:28'),
(379, 5, 65, 4, 'had a session with Alok sir', 0, 0, '2022-09-15 08:05:40', '2022-09-15 08:05:40'),
(380, 5, 65, 4, 'will come on 16/9/2022 for orientation', 0, 0, '2022-09-15 08:05:57', '2022-09-15 08:05:57'),
(381, 5, 65, 4, 'feedback - good candidate', 0, 0, '2022-09-15 08:06:27', '2022-09-15 08:06:27'),
(382, 5, 65, 4, 'Interview Scheduled @ Friday, September 16th 2022, 1:00 pm with Raj Kishor on SALES EXECUTIVE', 1, 0, '2022-09-15 08:08:24', '2022-09-15 08:08:24'),
(383, 5, 65, 4, 'FEEDBACK -> INTERVIEW', 1, 0, '2022-09-15 08:09:08', '2022-09-15 08:09:08'),
(384, 5, 26, 4, 'INTERVIEW -> OFFER', 1, 0, '2022-09-15 08:09:35', '2022-09-15 08:09:35'),
(385, 5, 26, 4, 'OFFER -> DISQUALIFIED', 1, 0, '2022-09-15 08:09:48', '2022-09-15 08:09:48'),
(386, 5, 59, 4, 'INTERVIEW -> DISQUALIFIED', 1, 0, '2022-09-15 08:10:03', '2022-09-15 08:10:03'),
(387, 5, 65, 4, 'INTERVIEW -> OFFER', 1, 0, '2022-09-15 08:11:04', '2022-09-15 08:11:04'),
(388, 5, 65, 4, 'OFFER -> INTERVIEW', 1, 0, '2022-09-15 08:11:18', '2022-09-15 08:11:18'),
(389, 5, 66, 4, 'Interview Scheduled @ Thursday, September 15th 2022, 4:00 pm with MD SALMAN on SALES EXECUTIVE', 1, 0, '2022-09-15 10:04:57', '2022-09-15 10:04:57'),
(390, 5, 42, 4, 'Interview Scheduled @ Friday, September 16th 2022, 11:00 am with Nitesh Kumar on SALES EXECUTIVE', 1, 0, '2022-09-15 10:26:32', '2022-09-15 10:26:32'),
(391, 5, 69, 4, 'Interview Scheduled @ Friday, September 16th 2022, 12:00 pm with Nitin Gupta on SALES EXECUTIVE', 1, 0, '2022-09-15 11:36:30', '2022-09-15 11:36:30'),
(392, 7, 53, 4, 'APPLIED -> DISQUALIFIED', 1, 0, '2022-09-15 11:58:11', '2022-09-15 11:58:11'),
(393, 13, 70, 17, 'APPLIED -> FEEDBACK', 1, 0, '2022-09-16 01:18:47', '2022-09-16 01:18:47'),
(394, 5, 71, 10, 'APPLIED -> FEEDBACK', 1, 0, '2022-09-16 01:32:57', '2022-09-16 01:32:57'),
(395, 5, 71, 10, 'Interview Scheduled @ Saturday, September 17th 2022, 9:00 am with Test canididate on SALES EXECUTIVE', 1, 0, '2022-09-16 01:35:40', '2022-09-16 01:35:40'),
(396, 5, 71, 10, 'Hi Ankit,', 0, 0, '2022-09-16 01:44:55', '2022-09-16 01:44:55'),
(397, 7, 55, 4, 'APPLIED -> DISQUALIFIED', 1, 0, '2022-09-16 04:40:43', '2022-09-16 04:40:43'),
(398, 7, 55, 4, 'DISQUALIFIED -> DISQUALIFIED', 1, 0, '2022-09-16 04:40:48', '2022-09-16 04:40:48'),
(399, 7, 55, 4, 'DISQUALIFIED -> DISQUALIFIED', 1, 0, '2022-09-16 04:40:53', '2022-09-16 04:40:53'),
(400, 7, 55, 4, 'DISQUALIFIED -> DISQUALIFIED', 1, 0, '2022-09-16 04:41:09', '2022-09-16 04:41:09'),
(401, 7, 55, 4, 'DISQUALIFIED -> DISQUALIFIED', 1, 0, '2022-09-16 04:41:14', '2022-09-16 04:41:14'),
(402, 7, 72, 4, 'GOOD CANDIDATE, 8/10', 0, 0, '2022-09-16 04:46:35', '2022-09-16 04:46:35'),
(403, 7, 72, 4, 'CAN JOIN FROM 1.10.22 if we send him offer letter now', 0, 0, '2022-09-16 04:47:10', '2022-09-16 04:47:10'),
(404, 7, 72, 4, 'APPLIED -> INTERVIEW', 1, 0, '2022-09-16 04:52:40', '2022-09-16 04:52:40'),
(405, 7, 73, 4, 'APPLIED -> OFFER', 1, 0, '2022-09-16 04:52:44', '2022-09-16 04:52:44'),
(406, 7, 52, 4, 'OFFER -> DISQUALIFIED', 1, 0, '2022-09-16 04:52:47', '2022-09-16 04:52:47'),
(407, 7, 52, 4, 'DISQUALIFIED -> DISQUALIFIED', 1, 0, '2022-09-16 04:52:50', '2022-09-16 04:52:50'),
(408, 7, 52, 4, 'DISQUALIFIED -> DISQUALIFIED', 1, 0, '2022-09-16 04:53:00', '2022-09-16 04:53:00'),
(409, 7, 52, 4, 'DISQUALIFIED -> DISQUALIFIED', 1, 0, '2022-09-16 04:53:05', '2022-09-16 04:53:05'),
(410, 7, 54, 4, 'APPLIED -> OFFER', 1, 0, '2022-09-16 04:53:08', '2022-09-16 04:53:08'),
(411, 5, 69, 4, 'APPLIED -> INTERVIEW', 1, 0, '2022-09-16 05:14:54', '2022-09-16 05:14:54'),
(412, 5, 67, 4, 'APPLIED -> INTERVIEW', 1, 0, '2022-09-16 05:15:08', '2022-09-16 05:15:08'),
(413, 5, 68, 4, 'APPLIED -> DISQUALIFIED', 1, 0, '2022-09-16 05:15:17', '2022-09-16 05:15:17'),
(414, 5, 66, 4, 'APPLIED -> INTERVIEW', 1, 0, '2022-09-16 05:15:41', '2022-09-16 05:15:41'),
(415, 5, 75, 4, 'Interview Scheduled @ Friday, September 16th 2022, 4:00 pm with Md JamalAkhtar on SALES EXECUTIVE', 1, 0, '2022-09-16 06:22:13', '2022-09-16 06:22:13'),
(416, 5, 76, 4, 'Interview Scheduled @ Friday, September 16th 2022, 12:30 pm with PRAKASH ROY on SALES EXECUTIVE', 1, 0, '2022-09-16 06:33:28', '2022-09-16 06:33:28'),
(417, 5, 76, 4, 'APPLIED -> INTERVIEW', 1, 0, '2022-09-16 06:34:31', '2022-09-16 06:34:31'),
(418, 5, 75, 4, 'APPLIED -> INTERVIEW', 1, 0, '2022-09-16 06:34:38', '2022-09-16 06:34:38'),
(419, 5, 42, 4, 'Interview Scheduled @ Monday, September 19th 2022, 12:00 pm with Nitesh Kumar on SALES EXECUTIVE', 1, 0, '2022-09-16 06:46:31', '2022-09-16 06:46:31'),
(420, 5, 42, 4, 'APPLIED -> INTERVIEW', 1, 0, '2022-09-16 06:50:16', '2022-09-16 06:50:16'),
(421, 5, 77, 4, 'Interview Scheduled @ Monday, September 19th 2022, 11:00 am with MANISH JAIN on SALES EXECUTIVE', 1, 0, '2022-09-16 08:40:22', '2022-09-16 08:40:22'),
(422, 5, 78, 4, 'Interview Scheduled @ Friday, September 16th 2022, 4:00 pm with VIKRAM PRATAP on SALES EXECUTIVE', 1, 0, '2022-09-16 10:08:19', '2022-09-16 10:08:19'),
(423, 3, 2, 3, 'OFFER -> APPLIED', 1, 0, '2022-09-16 10:17:50', '2022-09-16 10:17:50'),
(424, 3, 2, 3, 'APPLIED -> FEEDBACK', 1, 0, '2022-09-16 10:27:02', '2022-09-16 10:27:02'),
(425, 3, 2, 3, 'FEEDBACK -> INTERVIEW', 1, 0, '2022-09-16 10:27:06', '2022-09-16 10:27:06'),
(426, 3, 2, 3, 'INTERVIEW -> FEEDBACK', 1, 0, '2022-09-16 10:28:13', '2022-09-16 10:28:13'),
(427, 3, 2, 3, 'FEEDBACK -> OFFER', 1, 0, '2022-09-16 10:30:16', '2022-09-16 10:30:16'),
(428, 7, 74, 4, 'unable to connect', 0, 0, '2022-09-17 06:34:24', '2022-09-17 06:34:24'),
(430, 16, 80, 24, 'APPLIED -> FEEDBACK', 1, 0, '2022-09-17 09:19:58', '2022-09-17 09:19:58'),
(431, 16, 80, 24, 'Interview Scheduled @ Monday, September 19th 2022, 4:00 pm with Rahul Verma on Program Manager', 1, 0, '2022-09-17 09:21:03', '2022-09-17 09:21:03'),
(433, 16, 80, 24, 'FEEDBACK -> INTERVIEW', 1, 0, '2022-09-17 09:24:36', '2022-09-17 09:24:36'),
(434, 16, 80, 24, 'INTERVIEW -> DISQUALIFIED', 1, 0, '2022-09-17 09:39:37', '2022-09-17 09:39:37'),
(436, 1, 4, 2, 'APPLIED -> FEEDBACK', 1, 0, '2022-09-19 07:52:31', '2022-09-19 07:52:31'),
(437, 7, 73, 4, 'OFFER -> DISQUALIFIED', 1, 0, '2022-09-20 07:04:12', '2022-09-20 07:04:12'),
(438, 7, 54, 4, 'OFFER -> DISQUALIFIED', 1, 0, '2022-09-20 07:04:15', '2022-09-20 07:04:15'),
(439, 7, 50, 4, 'OFFER -> DISQUALIFIED', 1, 0, '2022-09-20 07:04:18', '2022-09-20 07:04:18'),
(440, 7, 50, 4, 'DISQUALIFIED -> DISQUALIFIED', 1, 0, '2022-09-20 07:04:24', '2022-09-20 07:04:24'),
(441, 18, 81, 27, 'Hi ', 0, 0, '2022-09-20 17:09:53', '2022-09-20 17:09:53'),
(442, 18, 81, 27, 'Hi', 0, 0, '2022-09-20 17:10:29', '2022-09-20 17:10:29'),
(443, 18, 81, 27, 'Hi test email', 0, 0, '2022-09-20 17:10:54', '2022-09-20 17:10:54'),
(444, 5, 62, 10, 'DISQUALIFIED -> INTERVIEW', 1, 0, '2022-09-20 17:23:45', '2022-09-20 17:23:45'),
(445, 5, 62, 10, 'INTERVIEW -> DISQUALIFIED', 1, 0, '2022-09-20 17:24:12', '2022-09-20 17:24:12'),
(446, 5, 78, 10, 'APPLIED -> INTERVIEW', 1, 0, '2022-09-20 17:24:19', '2022-09-20 17:24:19'),
(447, 5, 78, 10, 'INTERVIEW -> APPLIED', 1, 0, '2022-09-20 17:24:27', '2022-09-20 17:24:27'),
(448, 5, 8, 10, 'INTERVIEW -> APPLIED', 1, 0, '2022-09-20 17:24:33', '2022-09-20 17:24:33'),
(449, 5, 8, 10, 'APPLIED -> INTERVIEW', 1, 0, '2022-09-20 17:24:44', '2022-09-20 17:24:44'),
(450, 19, 83, 26, 'HI', 0, 0, '2022-09-21 16:19:51', '2022-09-21 16:19:51'),
(451, 20, 84, 30, 'Interview Scheduled @ Friday, September 23rd 2022, 5:00 pm with Rocket rocks on GET', 1, 0, '2022-09-22 07:05:03', '2022-09-22 07:05:03'),
(452, 20, 84, 30, 'hello', 0, 0, '2022-09-22 07:12:11', '2022-09-22 07:12:11'),
(453, 20, 84, 30, 'hello', 0, 0, '2022-09-22 07:12:27', '2022-09-22 07:12:27'),
(454, 2, 45, 2, 'INTERVIEW -> FEEDBACK', 1, 0, '2022-09-22 10:14:59', '2022-09-22 10:14:59'),
(455, 2, 41, 2, 'INTERVIEW -> FEEDBACK', 1, 0, '2022-09-22 10:15:01', '2022-09-22 10:15:01'),
(456, 2, 44, 2, 'FEEDBACK -> APPLIED', 1, 0, '2022-09-22 10:15:03', '2022-09-22 10:15:03'),
(457, 2, 45, 2, 'FEEDBACK -> APPLIED', 1, 0, '2022-09-22 10:15:06', '2022-09-22 10:15:06'),
(458, 2, 45, 2, 'APPLIED -> APPLIED', 1, 0, '2022-09-22 10:15:08', '2022-09-22 10:15:08'),
(459, 2, 45, 2, 'APPLIED -> APPLIED', 1, 0, '2022-09-22 10:15:10', '2022-09-22 10:15:10'),
(460, 2, 45, 2, 'APPLIED -> FEEDBACK', 1, 0, '2022-09-22 10:15:13', '2022-09-22 10:15:13'),
(461, 2, 41, 2, 'FEEDBACK -> APPLIED', 1, 0, '2022-09-22 10:15:16', '2022-09-22 10:15:16'),
(462, 19, 83, 26, 'Interview Scheduled @ Friday, September 23rd 2022, 10:00 am with test test on test', 1, 0, '2022-09-22 16:07:26', '2022-09-22 16:07:26'),
(463, 22, 86, 29, 'Interview Scheduled @ Friday, September 23rd 2022, 10:00 am with test test on test', 1, 0, '2022-09-22 16:50:23', '2022-09-22 16:50:23'),
(464, 22, 86, 29, 'APPLIED -> INTERVIEW', 1, 0, '2022-09-22 16:50:46', '2022-09-22 16:50:46'),
(465, 22, 86, 29, 'INTERVIEW -> APPLIED', 1, 0, '2022-09-22 16:51:07', '2022-09-22 16:51:07'),
(466, 22, 86, 29, 'APPLIED -> FEEDBACK', 1, 0, '2022-09-22 16:51:09', '2022-09-22 16:51:09'),
(467, 18, 81, 27, 'content-1663948602497_316090218.docx', 0, 1, '2022-09-23 15:56:42', '2022-09-23 15:56:42'),
(468, 18, 81, 27, 'APPLIED -> INTERVIEW', 1, 0, '2022-09-23 15:57:51', '2022-09-23 15:57:51'),
(469, 18, 81, 27, 'Interview Scheduled @ Saturday, September 24th 2022, 9:00 am with test test on test', 1, 0, '2022-09-23 16:05:24', '2022-09-23 16:05:24'),
(470, 18, 81, 27, 'Interview Scheduled @ Saturday, September 24th 2022, 9:00 am with test test on test', 1, 0, '2022-09-23 16:10:06', '2022-09-23 16:10:06'),
(471, 14, 88, 34, 'Hi', 0, 0, '2022-09-24 06:27:17', '2022-09-24 06:27:17'),
(472, 14, 88, 34, 'Interview Scheduled @ Sunday, September 25th 2022, 9:00 am with Test Test on new test job', 1, 0, '2022-09-24 06:27:55', '2022-09-24 06:27:55'),
(473, 14, 88, 34, 'APPLIED -> FEEDBACK', 1, 0, '2022-09-24 06:28:50', '2022-09-24 06:28:50'),
(474, 14, 88, 34, 'FEEDBACK -> INTERVIEW', 1, 0, '2022-09-24 06:28:53', '2022-09-24 06:28:53'),
(475, 3, 2, 3, 'OFFER -> FEEDBACK', 1, 0, '2022-09-24 07:55:38', '2022-09-24 07:55:38'),
(476, 3, 2, 3, 'FEEDBACK -> APPLIED', 1, 0, '2022-09-24 07:55:39', '2022-09-24 07:55:39'),
(477, 3, 2, 3, 'APPLIED -> FEEDBACK', 1, 0, '2022-09-24 07:58:38', '2022-09-24 07:58:38'),
(478, 3, 2, 3, 'FEEDBACK -> INTERVIEW', 1, 0, '2022-09-24 07:58:43', '2022-09-24 07:58:43'),
(479, 3, 2, 3, 'INTERVIEW -> OFFER', 1, 0, '2022-09-24 07:58:56', '2022-09-24 07:58:56'),
(480, 3, 2, 3, 'OFFER -> DISQUALIFIED', 1, 0, '2022-09-24 07:59:01', '2022-09-24 07:59:01'),
(481, 3, 2, 3, 'DISQUALIFIED -> HIRED', 1, 0, '2022-09-24 07:59:03', '2022-09-24 07:59:03'),
(482, 3, 2, 3, 'HIRED -> OFFER', 1, 0, '2022-09-24 07:59:09', '2022-09-24 07:59:09'),
(483, 22, 86, 29, 'Interview Scheduled @ Tuesday, September 27th 2022, 3:30 am with test test on test', 1, 0, '2022-09-26 01:13:28', '2022-09-26 01:13:28'),
(484, 22, 86, 29, 'Interview Scheduled @ Tuesday, September 27th 2022, 3:30 am with test test on test', 1, 0, '2022-09-26 01:15:11', '2022-09-26 01:15:11'),
(485, 22, 89, 29, 'APPLIED -> FEEDBACK by test test', 1, 0, '2022-09-26 01:18:49', '2022-09-26 01:18:49'),
(486, 22, 89, 29, 'FEEDBACK -> INTERVIEW by test test', 1, 0, '2022-09-26 01:19:18', '2022-09-26 01:19:18'),
(487, 22, 89, 29, 'INTERVIEW -> OFFER by test test', 1, 0, '2022-09-26 01:19:41', '2022-09-26 01:19:41'),
(488, 22, 89, 29, 'OFFER -> DISQUALIFIED by test test', 1, 0, '2022-09-26 01:20:04', '2022-09-26 01:20:04'),
(489, 22, 89, 29, 'DISQUALIFIED -> HIRED by test test', 1, 0, '2022-09-26 01:20:26', '2022-09-26 01:20:26'),
(490, 22, 89, 29, 'HIRED -> DISQUALIFIED by test test 2', 1, 0, '2022-09-26 01:22:24', '2022-09-26 01:22:24'),
(491, 1, 1, 2, 'Interview Scheduled @ Tuesday, September 27th 2022, 3:40 am with Prakhar Singh on test position', 1, 0, '2022-09-26 16:40:59', '2022-09-26 16:40:59'),
(492, 1, 1, 2, 'Interview Scheduled @ Tuesday, September 27th 2022, 5:00 am with Prakhar Singh on test position', 1, 0, '2022-09-26 17:16:48', '2022-09-26 17:16:48'),
(493, 1, 1, 2, 'Interview Scheduled @ Thursday, September 29th 2022, 3:20 am with Prakhar Singh on test position', 1, 0, '2022-09-26 17:36:36', '2022-09-26 17:36:36'),
(494, 1, 1, 2, 'Interview Scheduled @ Tuesday, October 4th 2022, 3:20 am with Prakhar Singh on test position', 1, 0, '2022-09-26 17:42:16', '2022-09-26 17:42:16'),
(495, 7, 79, 4, 'APPLIED -> FEEDBACK by ZUBALA MARIUM', 1, 0, '2022-09-27 06:16:04', '2022-09-27 06:16:04'),
(496, 7, 79, 4, 'Hu', 0, 0, '2022-09-27 06:16:20', '2022-09-27 06:16:20'),
(497, 7, 72, 4, 'INTERVIEW -> DISQUALIFIED by ZUBALA MARIUM', 1, 0, '2022-09-27 06:47:05', '2022-09-27 06:47:05'),
(498, 7, 21, 4, 'INTERVIEW -> DISQUALIFIED by ZUBALA MARIUM', 1, 0, '2022-09-27 06:47:08', '2022-09-27 06:47:08'),
(499, 7, 16, 4, 'FEEDBACK -> DISQUALIFIED by ZUBALA MARIUM', 1, 0, '2022-09-27 06:47:09', '2022-09-27 06:47:09'),
(500, 7, 16, 4, 'DISQUALIFIED -> DISQUALIFIED by ZUBALA MARIUM', 1, 0, '2022-09-27 06:47:24', '2022-09-27 06:47:24'),
(501, 7, 79, 4, 'telephonic interview done', 0, 0, '2022-09-27 06:57:58', '2022-09-27 06:57:58'),
(502, 7, 79, 4, 'average communication skills', 0, 0, '2022-09-27 06:58:45', '2022-09-27 06:58:45'),
(503, 7, 16, 4, 'DISQUALIFIED -> DISQUALIFIED by ZUBALA MARIUM', 1, 0, '2022-09-27 06:58:58', '2022-09-27 06:58:58'),
(504, 7, 91, 4, 'APPLIED -> INTERVIEW by ZUBALA MARIUM', 1, 0, '2022-09-27 07:25:26', '2022-09-27 07:25:26'),
(505, 7, 79, 4, 'FEEDBACK -> INTERVIEW by ZUBALA MARIUM', 1, 0, '2022-09-27 07:25:33', '2022-09-27 07:25:33'),
(506, 7, 74, 4, 'APPLIED -> DISQUALIFIED by ZUBALA MARIUM', 1, 0, '2022-09-27 07:26:03', '2022-09-27 07:26:03'),
(507, 5, 77, 4, 'APPLIED -> INTERVIEW by ZUBALA MARIUM', 1, 0, '2022-09-27 08:02:24', '2022-09-27 08:02:24'),
(508, 7, 92, 4, 'APPLIED -> INTERVIEW by ZUBALA MARIUM', 1, 0, '2022-09-27 08:35:27', '2022-09-27 08:35:27'),
(509, 7, 92, 4, 'HIGH SALARY EXPECTATIONS', 0, 0, '2022-09-27 08:38:06', '2022-09-27 08:38:06'),
(510, 1, 4, 1, 'FEEDBACK -> INTERVIEW by admin user', 1, 0, '2022-09-27 08:47:13', '2022-09-27 08:47:13'),
(511, 9, 90, 4, 'APPLIED -> FEEDBACK by ZUBALA MARIUM', 1, 0, '2022-09-27 08:48:33', '2022-09-27 08:48:33'),
(512, 7, 96, 4, 'APPLIED -> INTERVIEW by ZUBALA MARIUM', 1, 0, '2022-09-27 09:00:31', '2022-09-27 09:00:31'),
(513, 7, 95, 4, 'APPLIED -> INTERVIEW by ZUBALA MARIUM', 1, 0, '2022-09-27 09:00:34', '2022-09-27 09:00:34'),
(514, 7, 19, 4, 'DISQUALIFIED -> APPLIED by ZUBALA MARIUM', 1, 0, '2022-09-27 09:09:27', '2022-09-27 09:09:27'),
(515, 7, 19, 4, 'APPLIED -> FEEDBACK by ZUBALA MARIUM', 1, 0, '2022-09-27 09:09:37', '2022-09-27 09:09:37'),
(516, 7, 19, 4, 'FEEDBACK -> DISQUALIFIED by ZUBALA MARIUM', 1, 0, '2022-09-27 09:10:44', '2022-09-27 09:10:44'),
(517, 5, 97, 4, 'Interview Scheduled @ Wednesday, September 28th 2022, 10:00 am with Sanjay Singh on SALES EXECUTIVE', 1, 0, '2022-09-27 09:50:57', '2022-09-27 09:50:57'),
(518, 7, 99, 4, 'came for face to face interview. conditional offer made', 0, 0, '2022-09-27 11:28:16', '2022-09-27 11:28:16'),
(519, 7, 99, 4, 'APPLIED -> INTERVIEW by ZUBALA MARIUM', 1, 0, '2022-09-27 11:38:10', '2022-09-27 11:38:10'),
(520, 7, 95, 4, 'INTERVIEW -> DISQUALIFIED by ZUBALA MARIUM', 1, 0, '2022-09-27 11:38:33', '2022-09-27 11:38:33'),
(521, 22, 86, 29, 'FEEDBACK -> INTERVIEW by test test 2', 1, 0, '2022-09-27 14:35:31', '2022-09-27 14:35:31'),
(522, 22, 86, 29, 'INTERVIEW -> FEEDBACK by test test 2', 1, 0, '2022-09-27 14:35:38', '2022-09-27 14:35:38'),
(523, 22, 86, 29, 'FEEDBACK -> INTERVIEW by test test 2', 1, 0, '2022-09-27 14:35:43', '2022-09-27 14:35:43'),
(524, 22, 86, 29, 'Interview Scheduled @ Wednesday, September 28th 2022, 9:00 am with test test on test', 1, 0, '2022-09-27 14:38:55', '2022-09-27 14:38:55'),
(525, 22, 100, 29, 'Interview Scheduled @ Wednesday, September 28th 2022, 9:00 am with Prakhar singh on test', 1, 0, '2022-09-27 14:44:21', '2022-09-27 14:44:21'),
(526, 7, 79, 10, 'INTERVIEW -> DISQUALIFIED by Ankit Khanduri', 1, 0, '2022-09-28 05:23:28', '2022-09-28 05:23:28'),
(527, 9, 90, 4, 'FEEDBACK -> DISQUALIFIED by ZUBALA MARIUM', 1, 0, '2022-09-28 06:53:24', '2022-09-28 06:53:24'),
(528, 9, 56, 4, 'APPLIED -> DISQUALIFIED by ZUBALA MARIUM', 1, 0, '2022-09-28 06:53:27', '2022-09-28 06:53:27'),
(529, 9, 57, 4, 'APPLIED -> DISQUALIFIED by ZUBALA MARIUM', 1, 0, '2022-09-28 06:53:29', '2022-09-28 06:53:29'),
(530, 7, 99, 4, 'INTERVIEW -> DISQUALIFIED by ZUBALA MARIUM', 1, 0, '2022-09-28 09:50:01', '2022-09-28 09:50:01'),
(531, 7, 92, 4, 'join from 29.9.2022', 0, 0, '2022-09-28 09:51:34', '2022-09-28 09:51:34'),
(532, 7, 99, 4, 'DISQUALIFIED -> DISQUALIFIED by ZUBALA MARIUM', 1, 0, '2022-09-28 09:54:33', '2022-09-28 09:54:33'),
(533, 5, 94, 4, 'APPLIED -> INTERVIEW by ZUBALA MARIUM', 1, 0, '2022-09-28 11:32:00', '2022-09-28 11:32:00'),
(534, 5, 78, 4, 'APPLIED -> INTERVIEW by ZUBALA MARIUM', 1, 0, '2022-09-28 11:32:05', '2022-09-28 11:32:05'),
(535, 5, 78, 4, 'INTERVIEW -> INTERVIEW by ZUBALA MARIUM', 1, 0, '2022-09-28 11:32:12', '2022-09-28 11:32:12'),
(536, 5, 78, 4, 'INTERVIEW -> INTERVIEW by ZUBALA MARIUM', 1, 0, '2022-09-28 11:32:19', '2022-09-28 11:32:19');
INSERT INTO `chats` (`id`, `positionId`, `candidateId`, `userId`, `content`, `isStatus`, `isMedia`, `createdAt`, `updatedAt`) VALUES
(537, 5, 78, 4, 'INTERVIEW -> INTERVIEW by ZUBALA MARIUM', 1, 0, '2022-09-28 11:32:23', '2022-09-28 11:32:23'),
(538, 7, 92, 4, 'received background docs', 0, 0, '2022-09-29 04:56:54', '2022-09-29 04:56:54'),
(539, 7, 104, 4, 'APPLIED -> INTERVIEW by ZUBALA MARIUM', 1, 0, '2022-09-29 05:00:02', '2022-09-29 05:00:02'),
(540, 7, 105, 4, 'APPLIED -> INTERVIEW by ZUBALA MARIUM', 1, 0, '2022-09-29 05:38:01', '2022-09-29 05:38:01'),
(541, 5, 102, 4, 'APPLIED -> OFFER by ZUBALA MARIUM', 1, 0, '2022-09-29 06:34:40', '2022-09-29 06:34:40'),
(542, 5, 93, 4, 'APPLIED -> OFFER by ZUBALA MARIUM', 1, 0, '2022-09-29 06:34:47', '2022-09-29 06:34:47'),
(543, 5, 102, 4, 'OFFER -> DISQUALIFIED by ZUBALA MARIUM', 1, 0, '2022-09-29 06:35:06', '2022-09-29 06:35:06'),
(544, 5, 102, 4, 'DISQUALIFIED -> DISQUALIFIED by ZUBALA MARIUM', 1, 0, '2022-09-29 06:35:07', '2022-09-29 06:35:07'),
(545, 5, 12, 4, 'INTERVIEW -> DISQUALIFIED by ZUBALA MARIUM', 1, 0, '2022-09-29 06:36:46', '2022-09-29 06:36:46'),
(546, 5, 42, 4, 'INTERVIEW -> DISQUALIFIED by ZUBALA MARIUM', 1, 0, '2022-09-29 06:36:58', '2022-09-29 06:36:58'),
(547, 5, 77, 4, 'INTERVIEW -> OFFER by ZUBALA MARIUM', 1, 0, '2022-09-29 06:37:05', '2022-09-29 06:37:05'),
(548, 5, 69, 4, 'INTERVIEW -> DISQUALIFIED by ZUBALA MARIUM', 1, 0, '2022-09-29 06:37:16', '2022-09-29 06:37:16'),
(549, 5, 69, 4, 'DISQUALIFIED -> DISQUALIFIED by ZUBALA MARIUM', 1, 0, '2022-09-29 06:37:18', '2022-09-29 06:37:18'),
(550, 5, 69, 4, 'DISQUALIFIED -> DISQUALIFIED by ZUBALA MARIUM', 1, 0, '2022-09-29 06:37:21', '2022-09-29 06:37:21'),
(551, 5, 67, 4, 'INTERVIEW -> HIRED by ZUBALA MARIUM', 1, 0, '2022-09-29 06:37:43', '2022-09-29 06:37:43'),
(552, 5, 65, 4, 'INTERVIEW -> OFFER by ZUBALA MARIUM', 1, 0, '2022-09-29 06:37:51', '2022-09-29 06:37:51'),
(553, 5, 69, 4, 'DISQUALIFIED -> DISQUALIFIED by ZUBALA MARIUM', 1, 0, '2022-09-29 06:37:54', '2022-09-29 06:37:54'),
(554, 5, 69, 4, 'DISQUALIFIED -> DISQUALIFIED by ZUBALA MARIUM', 1, 0, '2022-09-29 06:37:56', '2022-09-29 06:37:56'),
(555, 5, 69, 4, 'DISQUALIFIED -> DISQUALIFIED by ZUBALA MARIUM', 1, 0, '2022-09-29 06:38:06', '2022-09-29 06:38:06'),
(556, 5, 69, 4, 'DISQUALIFIED -> DISQUALIFIED by ZUBALA MARIUM', 1, 0, '2022-09-29 06:38:10', '2022-09-29 06:38:10'),
(557, 5, 69, 4, 'DISQUALIFIED -> DISQUALIFIED by ZUBALA MARIUM', 1, 0, '2022-09-29 06:38:28', '2022-09-29 06:38:28'),
(558, 5, 69, 4, 'DISQUALIFIED -> DISQUALIFIED by ZUBALA MARIUM', 1, 0, '2022-09-29 06:38:41', '2022-09-29 06:38:41'),
(559, 5, 94, 4, 'CAME FOR F2F ON 27.8.22', 0, 0, '2022-09-29 06:39:08', '2022-09-29 06:39:08'),
(560, 5, 94, 4, 'SHORTLISTED FOR GENERAL TRADE , BUT KEPT ON HOLD AS WE ARE NOT ACTIVELY HIRING FOR GT PRESENTLY', 0, 0, '2022-09-29 06:39:36', '2022-09-29 06:39:36'),
(561, 5, 93, 4, 'LOW CONFIDENCE', 0, 0, '2022-09-29 06:39:50', '2022-09-29 06:39:50'),
(562, 5, 93, 4, 'DOUBTFUL WORK EXPERIENCE MENTIONED', 0, 0, '2022-09-29 06:40:00', '2022-09-29 06:40:00'),
(563, 7, 96, 4, 'number switched off ', 0, 0, '2022-09-30 04:46:58', '2022-09-30 04:46:58'),
(564, 7, 104, 4, 'unreachable', 0, 0, '2022-09-30 04:48:02', '2022-09-30 04:48:02'),
(565, 7, 92, 4, 'will join from Monday', 0, 0, '2022-09-30 04:49:48', '2022-09-30 04:49:48'),
(566, 7, 92, 4, 'INTERVIEW -> OFFER by ZUBALA MARIUM', 1, 0, '2022-09-30 04:49:57', '2022-09-30 04:49:57'),
(567, 7, 51, 4, 'OFFER -> DISQUALIFIED by ZUBALA MARIUM', 1, 0, '2022-09-30 04:50:03', '2022-09-30 04:50:03'),
(568, 7, 106, 4, 'APPLIED -> INTERVIEW by ZUBALA MARIUM', 1, 0, '2022-09-30 05:31:06', '2022-09-30 05:31:06'),
(569, 7, 91, 4, 'INTERVIEW -> DISQUALIFIED by ZUBALA MARIUM', 1, 0, '2022-09-30 09:10:43', '2022-09-30 09:10:43'),
(570, 7, 105, 4, 'offerred', 0, 0, '2022-09-30 09:15:00', '2022-09-30 09:15:00'),
(571, 7, 105, 4, 'INTERVIEW -> OFFER by ZUBALA MARIUM', 1, 0, '2022-09-30 09:15:07', '2022-09-30 09:15:07'),
(572, 7, 96, 4, 'INTERVIEW -> DISQUALIFIED by ZUBALA MARIUM', 1, 0, '2022-09-30 09:25:19', '2022-09-30 09:25:19'),
(573, 17, 87, 4, 'hello', 0, 0, '2022-10-02 17:01:39', '2022-10-02 17:01:39'),
(574, 5, 103, 4, 'APPLIED -> INTERVIEW by ZUBALA MARIUM', 1, 0, '2022-10-03 06:36:52', '2022-10-03 06:36:52'),
(575, 5, 101, 4, 'APPLIED -> FEEDBACK by ZUBALA MARIUM', 1, 0, '2022-10-03 06:36:56', '2022-10-03 06:36:56'),
(576, 5, 101, 4, 'FEEDBACK -> INTERVIEW by ZUBALA MARIUM', 1, 0, '2022-10-03 06:37:02', '2022-10-03 06:37:02'),
(577, 5, 97, 4, 'APPLIED -> INTERVIEW by ZUBALA MARIUM', 1, 0, '2022-10-03 06:37:07', '2022-10-03 06:37:07'),
(578, 3, 2, 3, 'OFFER -> FEEDBACK by Support Litehires', 1, 0, '2022-10-04 06:42:53', '2022-10-04 06:42:53'),
(579, 3, 2, 3, 'FEEDBACK -> APPLIED by Support Litehires', 1, 0, '2022-10-04 06:42:55', '2022-10-04 06:42:55'),
(580, 5, 98, 4, 'APPLIED -> INTERVIEW by ZUBALA MARIUM', 1, 0, '2022-10-04 08:38:46', '2022-10-04 08:38:46'),
(581, 5, 98, 4, 'INTERVIEW -> OFFER by ZUBALA MARIUM', 1, 0, '2022-10-04 08:38:48', '2022-10-04 08:38:48'),
(582, 5, 98, 4, 'OFFER -> DISQUALIFIED by ZUBALA MARIUM', 1, 0, '2022-10-04 08:38:50', '2022-10-04 08:38:50'),
(583, 22, 107, 35, 'APPLIED -> FEEDBACK by test vendor 6', 1, 0, '2022-10-05 06:09:15', '2022-10-05 06:09:15'),
(584, 22, 107, 35, 'FEEDBACK -> INTERVIEW by test vendor 6', 1, 0, '2022-10-05 06:09:17', '2022-10-05 06:09:17'),
(585, 22, 107, 35, 'INTERVIEW -> OFFER by test vendor 6', 1, 0, '2022-10-05 06:09:19', '2022-10-05 06:09:19'),
(586, 22, 107, 35, 'OFFER -> FEEDBACK by test vendor 6', 1, 0, '2022-10-05 06:09:28', '2022-10-05 06:09:28'),
(587, 22, 107, 35, 'FEEDBACK -> INTERVIEW by test vendor 6', 1, 0, '2022-10-05 06:13:22', '2022-10-05 06:13:22'),
(588, 22, 107, 35, 'INTERVIEW -> FEEDBACK by test vendor 6', 1, 0, '2022-10-05 06:26:00', '2022-10-05 06:26:00'),
(589, 22, 107, 35, 'FEEDBACK -> INTERVIEW by test vendor 6', 1, 0, '2022-10-05 06:26:37', '2022-10-05 06:26:37'),
(590, 22, 107, 35, 'Interview Scheduled @ Thursday, October 6th 2022, 9:00 am with test test on test', 1, 0, '2022-10-05 06:29:49', '2022-10-05 06:29:49'),
(591, 7, 92, 4, 'OFFER -> DISQUALIFIED by ZUBALA MARIUM', 1, 0, '2022-10-06 12:19:48', '2022-10-06 12:19:48'),
(592, 7, 105, 4, 'OFFER -> DISQUALIFIED by ZUBALA MARIUM', 1, 0, '2022-10-06 12:19:52', '2022-10-06 12:19:52'),
(593, 7, 106, 4, 'INTERVIEW -> DISQUALIFIED by ZUBALA MARIUM', 1, 0, '2022-10-06 12:19:53', '2022-10-06 12:19:53'),
(594, 7, 104, 4, 'INTERVIEW -> DISQUALIFIED by ZUBALA MARIUM', 1, 0, '2022-10-06 12:19:55', '2022-10-06 12:19:55'),
(595, 1, 37, 2, 'INTERVIEW -> OFFER by test user', 1, 0, '2022-10-08 14:30:26', '2022-10-08 14:30:26'),
(596, 1, 4, 2, 'INTERVIEW -> OFFER by test user', 1, 0, '2022-10-08 14:30:27', '2022-10-08 14:30:27'),
(597, 1, 1, 2, 'FEEDBACK -> INTERVIEW by test user', 1, 0, '2022-10-08 14:30:28', '2022-10-08 14:30:28'),
(598, 1, 64, 2, 'APPLIED -> INTERVIEW by test user', 1, 0, '2022-10-08 14:30:32', '2022-10-08 14:30:32'),
(599, 24, 108, 41, 'content-1665390592875_132190299.pdf', 0, 1, '2022-10-10 08:29:52', '2022-10-10 08:29:52'),
(600, 1, 1, 2, 'INTERVIEW -> FEEDBACK by test user', 1, 0, '2022-10-10 11:31:26', '2022-10-10 11:31:26'),
(601, 9, 48, 2, 'DISQUALIFIED -> OFFER by test user', 1, 0, '2022-10-10 11:31:34', '2022-10-10 11:31:34'),
(602, 9, 48, 2, 'OFFER -> INTERVIEW by test user', 1, 0, '2022-10-10 11:31:35', '2022-10-10 11:31:35'),
(603, 9, 48, 2, 'INTERVIEW -> OFFER by test user', 1, 0, '2022-10-10 11:31:37', '2022-10-10 11:31:37'),
(604, 9, 90, 2, 'DISQUALIFIED -> HIRED by test user', 1, 0, '2022-10-10 11:31:38', '2022-10-10 11:31:38'),
(605, 9, 57, 2, 'DISQUALIFIED -> OFFER by test user', 1, 0, '2022-10-10 11:31:39', '2022-10-10 11:31:39'),
(606, 22, 86, 29, 'INTERVIEW -> FEEDBACK by test test 2', 1, 0, '2022-10-12 12:50:25', '2022-10-12 12:50:25'),
(607, 22, 86, 29, 'FEEDBACK -> INTERVIEW by test test 2', 1, 0, '2022-10-12 12:50:31', '2022-10-12 12:50:31'),
(608, 22, 86, 29, 'INTERVIEW -> OFFER by test test 2', 1, 0, '2022-10-12 12:50:33', '2022-10-12 12:50:33'),
(609, 22, 107, 29, 'INTERVIEW -> APPLIED by test test 2', 1, 0, '2022-10-12 12:50:35', '2022-10-12 12:50:35'),
(610, 25, 109, 4, 'unable to connect', 0, 0, '2022-10-13 11:14:13', '2022-10-13 11:14:13'),
(611, 25, 109, 4, 'APPLIED -> FEEDBACK by ZUBALA MARIUM', 1, 0, '2022-10-13 11:14:19', '2022-10-13 11:14:19'),
(612, 25, 110, 4, 'good communication ', 0, 0, '2022-10-13 11:18:23', '2022-10-13 11:18:23'),
(613, 25, 110, 4, 'pursuing LLB ( dropout) due to financial constraints. ', 0, 0, '2022-10-13 11:20:37', '2022-10-13 11:20:37'),
(614, 25, 110, 4, 'considering for L2', 0, 0, '2022-10-13 11:28:24', '2022-10-13 11:28:24'),
(615, 25, 110, 4, 'APPLIED -> INTERVIEW by ZUBALA MARIUM', 1, 0, '2022-10-13 11:28:33', '2022-10-13 11:28:33'),
(616, 25, 112, 4, 'location constraint', 0, 0, '2022-10-13 12:53:23', '2022-10-13 12:53:23'),
(617, 25, 112, 4, 'APPLIED -> DISQUALIFIED by ZUBALA MARIUM', 1, 0, '2022-10-13 12:53:29', '2022-10-13 12:53:29'),
(618, 25, 115, 4, 'immediate joiner', 0, 0, '2022-10-13 12:56:45', '2022-10-13 12:56:45'),
(619, 25, 115, 4, 'good communication', 0, 0, '2022-10-13 12:56:51', '2022-10-13 12:56:51'),
(620, 25, 115, 4, 'APPLIED -> INTERVIEW by ZUBALA MARIUM', 1, 0, '2022-10-13 12:57:01', '2022-10-13 12:57:01'),
(621, 25, 127, 4, 'not fit', 0, 0, '2022-10-13 13:13:11', '2022-10-13 13:13:11'),
(622, 25, 127, 4, 'APPLIED -> DISQUALIFIED by ZUBALA MARIUM', 1, 0, '2022-10-13 13:13:46', '2022-10-13 13:13:46'),
(623, 25, 111, 4, 'APPLIED -> FEEDBACK by ZUBALA MARIUM', 1, 0, '2022-10-13 13:43:18', '2022-10-13 13:43:18'),
(624, 25, 111, 4, 'unable to connect', 0, 0, '2022-10-13 13:43:35', '2022-10-13 13:43:35'),
(625, 25, 115, 20, 'INTERVIEW -> DISQUALIFIED by Sunil Kumar', 1, 0, '2022-10-15 07:27:53', '2022-10-15 07:27:53'),
(626, 25, 121, 4, 'APPLIED -> DISQUALIFIED by ZUBALA MARIUM', 1, 0, '2022-10-28 05:35:32', '2022-10-28 05:35:32'),
(627, 25, 119, 4, 'location constraint', 0, 0, '2022-10-28 05:35:55', '2022-10-28 05:35:55'),
(628, 25, 119, 4, 'APPLIED -> DISQUALIFIED by ZUBALA MARIUM', 1, 0, '2022-10-28 05:36:07', '2022-10-28 05:36:07'),
(629, 25, 118, 4, 'APPLIED -> DISQUALIFIED by ZUBALA MARIUM', 1, 0, '2022-10-28 05:36:29', '2022-10-28 05:36:29'),
(630, 25, 117, 4, 'APPLIED -> DISQUALIFIED by ZUBALA MARIUM', 1, 0, '2022-10-31 11:56:31', '2022-10-31 11:56:31'),
(631, 25, 116, 4, 'APPLIED -> DISQUALIFIED by ZUBALA MARIUM', 1, 0, '2022-10-31 11:56:34', '2022-10-31 11:56:34'),
(632, 25, 114, 4, 'APPLIED -> DISQUALIFIED by ZUBALA MARIUM', 1, 0, '2022-10-31 11:56:36', '2022-10-31 11:56:36'),
(633, 25, 113, 4, 'APPLIED -> DISQUALIFIED by ZUBALA MARIUM', 1, 0, '2022-10-31 11:56:40', '2022-10-31 11:56:40'),
(634, 25, 131, 4, '20LPA???', 0, 0, '2022-10-31 12:21:55', '2022-10-31 12:21:55'),
(635, 25, 128, 4, 'not picking up the call', 0, 0, '2022-11-01 07:11:47', '2022-11-01 07:11:47'),
(636, 25, 128, 4, 'APPLIED -> FEEDBACK by ZUBALA MARIUM', 1, 0, '2022-11-01 07:11:55', '2022-11-01 07:11:55'),
(637, 25, 129, 4, 'she will call herself later', 0, 0, '2022-11-01 07:13:38', '2022-11-01 07:13:38'),
(638, 25, 129, 4, 'APPLIED -> FEEDBACK by ZUBALA MARIUM', 1, 0, '2022-11-01 07:13:43', '2022-11-01 07:13:43'),
(639, 25, 130, 4, 'NOT PICKING UP THE CALL', 0, 0, '2022-11-01 07:57:13', '2022-11-01 07:57:13'),
(640, 25, 130, 4, 'APPLIED -> FEEDBACK by ZUBALA MARIUM', 1, 0, '2022-11-01 07:57:22', '2022-11-01 07:57:22'),
(641, 25, 131, 4, 'INFLUENCER MARKETING, DIGITAL MARKETING ', 0, 0, '2022-11-01 07:58:55', '2022-11-01 07:58:55'),
(642, 25, 131, 4, 'GOOD COMMUNICATION SKILLS', 0, 0, '2022-11-01 07:59:46', '2022-11-01 07:59:46'),
(643, 25, 131, 4, '2nd round at 4:30pm', 0, 0, '2022-11-01 08:20:21', '2022-11-01 08:20:21'),
(644, 25, 131, 4, 'tentative date of joining \" 13th nov ', 0, 0, '2022-11-01 08:20:57', '2022-11-01 08:20:57'),
(645, 25, 131, 4, 'APPLIED -> INTERVIEW by ZUBALA MARIUM', 1, 0, '2022-11-01 08:21:02', '2022-11-01 08:21:02'),
(646, 25, 128, 4, 'stays in Okhla Johari farms', 0, 0, '2022-11-01 10:47:47', '2022-11-01 10:47:47'),
(647, 25, 128, 4, 'can join from 15.11.22', 0, 0, '2022-11-01 10:51:22', '2022-11-01 10:51:22'),
(648, 25, 128, 4, 'average candidate, may keep as a backup', 0, 0, '2022-11-01 10:51:45', '2022-11-01 10:51:45'),
(649, 25, 133, 4, '30k', 0, 0, '2022-11-01 11:38:33', '2022-11-01 11:38:33'),
(650, 14, 88, 34, 'INTERVIEW -> FEEDBACK by test Vendor 5', 1, 0, '2022-11-01 11:40:14', '2022-11-01 11:40:14'),
(651, 14, 88, 34, 'FEEDBACK -> INTERVIEW by test Vendor 5', 1, 0, '2022-11-01 11:40:17', '2022-11-01 11:40:17'),
(652, 14, 88, 34, 'Interview Scheduled @ Wednesday, November 9th 2022, 12:00 pm with Test Test on new test job', 1, 0, '2022-11-01 11:40:56', '2022-11-01 11:40:56'),
(653, 14, 88, 34, 'Hi', 0, 0, '2022-11-01 11:41:24', '2022-11-01 11:41:24'),
(654, 14, 88, 34, 'This candidate is really good', 0, 0, '2022-11-01 11:41:34', '2022-11-01 11:41:34'),
(655, 14, 88, 34, 'INTERVIEW -> OFFER by test Vendor 5', 1, 0, '2022-11-01 11:41:43', '2022-11-01 11:41:43'),
(656, 25, 133, 4, '2nd round scheduled', 0, 0, '2022-11-01 11:42:08', '2022-11-01 11:42:08'),
(657, 25, 133, 4, 'APPLIED -> INTERVIEW by ZUBALA MARIUM', 1, 0, '2022-11-01 11:42:15', '2022-11-01 11:42:15'),
(658, 25, 110, 20, 'INTERVIEW -> OFFER by Sunil Kumar', 1, 0, '2022-11-01 11:56:00', '2022-11-01 11:56:00'),
(659, 25, 110, 20, 'OFFER -> INTERVIEW by Sunil Kumar', 1, 0, '2022-11-01 11:56:15', '2022-11-01 11:56:15'),
(660, 25, 129, 20, 'she will be available today ', 0, 0, '2022-11-02 06:38:57', '2022-11-02 06:38:57'),
(661, 25, 130, 20, 'he will be available today anytime ', 0, 0, '2022-11-02 06:39:51', '2022-11-02 06:39:51'),
(662, 25, 128, 20, 'ok ', 0, 0, '2022-11-02 06:40:16', '2022-11-02 06:40:16'),
(663, 25, 110, 20, 'he join other company ', 0, 0, '2022-11-02 07:15:07', '2022-11-02 07:15:07'),
(664, 25, 134, 4, 'FRESHER', 0, 0, '2022-11-02 11:33:23', '2022-11-02 11:33:23'),
(665, 25, 134, 4, '2ND ROUND SCHEDULED', 0, 0, '2022-11-02 11:38:02', '2022-11-02 11:38:02'),
(666, 25, 110, 4, 'INTERVIEW -> DISQUALIFIED by ZUBALA MARIUM', 1, 0, '2022-11-02 11:38:09', '2022-11-02 11:38:09'),
(667, 25, 134, 4, 'APPLIED -> INTERVIEW by ZUBALA MARIUM', 1, 0, '2022-11-02 11:38:13', '2022-11-02 11:38:13'),
(668, 25, 111, 4, 'FEEDBACK -> OFFER by ZUBALA MARIUM', 1, 0, '2022-11-02 11:48:51', '2022-11-02 11:48:51'),
(669, 25, 111, 4, 'OFFER -> DISQUALIFIED by ZUBALA MARIUM', 1, 0, '2022-11-02 11:48:59', '2022-11-02 11:48:59'),
(670, 25, 128, 4, 'FEEDBACK -> OFFER by ZUBALA MARIUM', 1, 0, '2022-11-02 11:49:01', '2022-11-02 11:49:01'),
(671, 25, 128, 4, 'OFFER -> DISQUALIFIED by ZUBALA MARIUM', 1, 0, '2022-11-02 11:49:15', '2022-11-02 11:49:15'),
(672, 25, 130, 4, 'good candidate ', 0, 0, '2022-11-02 11:57:52', '2022-11-02 11:57:52'),
(673, 25, 130, 4, 'called for 2nd round', 0, 0, '2022-11-02 12:03:26', '2022-11-02 12:03:26'),
(674, 25, 130, 4, 'FEEDBACK -> INTERVIEW by ZUBALA MARIUM', 1, 0, '2022-11-02 12:04:10', '2022-11-02 12:04:10'),
(675, 25, 129, 4, 'FEEDBACK -> DISQUALIFIED by ZUBALA MARIUM', 1, 0, '2022-11-03 05:18:46', '2022-11-03 05:18:46'),
(676, 25, 139, 4, 'location constraint', 0, 0, '2022-11-03 06:06:20', '2022-11-03 06:06:20'),
(677, 25, 139, 4, 'APPLIED -> DISQUALIFIED by ZUBALA MARIUM', 1, 0, '2022-11-03 06:06:23', '2022-11-03 06:06:23'),
(678, 25, 138, 4, 'NOT PICKING UP THE CALL', 0, 0, '2022-11-03 06:10:45', '2022-11-03 06:10:45'),
(679, 25, 134, 4, 'INTERVIEW -> DISQUALIFIED by ZUBALA MARIUM', 1, 0, '2022-11-03 06:48:43', '2022-11-03 06:48:43'),
(680, 25, 138, 4, '2nd round scheduled', 0, 0, '2022-11-03 07:15:52', '2022-11-03 07:15:52'),
(681, 25, 138, 4, 'content-1667459787123_100521010.pdf', 0, 1, '2022-11-03 07:16:27', '2022-11-03 07:16:27'),
(682, 25, 138, 4, 'APPLIED -> INTERVIEW by ZUBALA MARIUM', 1, 0, '2022-11-03 07:18:17', '2022-11-03 07:18:17'),
(683, 25, 137, 4, 'content-1667542056914_328528704.pdf', 0, 1, '2022-11-04 06:07:36', '2022-11-04 06:07:36'),
(684, 25, 130, 33, 'Check with him about his f2f interview tomorrow.', 0, 0, '2022-11-04 06:19:28', '2022-11-04 06:19:28'),
(685, 25, 133, 33, 'Check with him about his f2f interview tomorrow.', 0, 0, '2022-11-04 06:20:18', '2022-11-04 06:20:18'),
(686, 25, 131, 33, 'Check with him about his f2f interview tomorrow.', 0, 0, '2022-11-04 06:20:45', '2022-11-04 06:20:45'),
(687, 25, 137, 4, 'APPLIED -> INTERVIEW by ZUBALA MARIUM', 1, 0, '2022-11-04 06:28:11', '2022-11-04 06:28:11'),
(688, 25, 136, 4, 'APPLIED -> INTERVIEW by ZUBALA MARIUM', 1, 0, '2022-11-04 06:28:15', '2022-11-04 06:28:15'),
(689, 25, 145, 4, 'APPLIED -> INTERVIEW by ZUBALA MARIUM', 1, 0, '2022-11-04 06:28:19', '2022-11-04 06:28:19'),
(690, 25, 140, 4, 'APPLIED -> INTERVIEW by ZUBALA MARIUM', 1, 0, '2022-11-04 06:28:23', '2022-11-04 06:28:23'),
(691, 25, 109, 4, 'FEEDBACK -> DISQUALIFIED by ZUBALA MARIUM', 1, 0, '2022-11-04 06:28:33', '2022-11-04 06:28:33'),
(692, 25, 150, 4, 'location constraint', 0, 0, '2022-11-04 08:03:10', '2022-11-04 08:03:10'),
(693, 25, 150, 4, 'APPLIED -> DISQUALIFIED by ZUBALA MARIUM', 1, 0, '2022-11-04 08:03:14', '2022-11-04 08:03:14'),
(694, 25, 146, 4, 'Duplicate Candidate', 0, 0, '2022-11-04 08:03:40', '2022-11-04 08:03:40'),
(695, 25, 146, 4, 'APPLIED -> FEEDBACK by ZUBALA MARIUM', 1, 0, '2022-11-04 08:03:44', '2022-11-04 08:03:44'),
(696, 3, 2, 3, 'APPLIED -> FEEDBACK by Support Litehires', 1, 0, '2022-11-04 08:40:58', '2022-11-04 08:40:58'),
(697, 3, 2, 3, 'FEEDBACK -> INTERVIEW by Support Litehires', 1, 0, '2022-11-04 08:41:04', '2022-11-04 08:41:04'),
(698, 3, 2, 3, 'INTERVIEW -> FEEDBACK by Support Litehires', 1, 0, '2022-11-04 08:41:07', '2022-11-04 08:41:07'),
(699, 3, 2, 3, 'FEEDBACK -> INTERVIEW by Support Litehires', 1, 0, '2022-11-04 08:41:12', '2022-11-04 08:41:12'),
(700, 3, 2, 3, 'INTERVIEW -> APPLIED by Support Litehires', 1, 0, '2022-11-04 11:10:24', '2022-11-04 11:10:24'),
(701, 3, 2, 3, 'APPLIED -> FEEDBACK by Support Litehires', 1, 0, '2022-11-04 11:16:18', '2022-11-04 11:16:18'),
(702, 3, 2, 3, 'FEEDBACK -> INTERVIEW by Support Litehires', 1, 0, '2022-11-04 11:16:37', '2022-11-04 11:16:37'),
(703, 3, 2, 3, 'INTERVIEW -> OFFER by Support Litehires', 1, 0, '2022-11-04 11:16:40', '2022-11-04 11:16:40'),
(704, 3, 2, 3, 'OFFER -> HIRED by Support Litehires', 1, 0, '2022-11-04 11:16:47', '2022-11-04 11:16:47'),
(705, 3, 2, 3, 'HIRED -> OFFER by Support Litehires', 1, 0, '2022-11-04 11:17:00', '2022-11-04 11:17:00'),
(706, 3, 2, 3, 'OFFER -> INTERVIEW by Support Litehires', 1, 0, '2022-11-04 11:17:05', '2022-11-04 11:17:05'),
(707, 25, 151, 4, 'location constraint', 0, 0, '2022-11-04 11:24:34', '2022-11-04 11:24:34'),
(708, 25, 151, 4, '18k ', 0, 0, '2022-11-04 11:24:39', '2022-11-04 11:24:39'),
(709, 25, 151, 4, 'APPLIED -> DISQUALIFIED by ZUBALA MARIUM', 1, 0, '2022-11-04 11:24:53', '2022-11-04 11:24:53'),
(710, 25, 153, 33, 'APPLIED -> FEEDBACK by Ankit Khanduri', 1, 0, '2022-11-04 11:39:30', '2022-11-04 11:39:30'),
(711, 25, 153, 4, 'location constraint', 0, 0, '2022-11-04 11:48:26', '2022-11-04 11:48:26'),
(712, 25, 153, 4, 'FEEDBACK -> DISQUALIFIED by ZUBALA MARIUM', 1, 0, '2022-11-04 11:48:33', '2022-11-04 11:48:33'),
(713, 25, 135, 4, 'NOT PICKING UP THE CALL', 0, 0, '2022-11-04 11:53:49', '2022-11-04 11:53:49'),
(714, 25, 135, 4, 'APPLIED -> DISQUALIFIED by ZUBALA MARIUM', 1, 0, '2022-11-04 11:53:57', '2022-11-04 11:53:57'),
(715, 25, 142, 4, 'UNABLE TO CONNECT', 0, 0, '2022-11-04 11:55:56', '2022-11-04 11:55:56'),
(716, 25, 133, 20, 'Interview Scheduled @ Saturday, November 5th 2022, 10:00 pm with Owais Owais on BUSINESS DEVELOPMENT EXECUTIVE', 1, 0, '2022-11-04 12:33:08', '2022-11-04 12:33:08'),
(717, 25, 137, 20, 'Interview Scheduled @ Saturday, November 5th 2022, 10:00 pm with Satyam jha on BUSINESS DEVELOPMENT EXECUTIVE', 1, 0, '2022-11-04 12:44:13', '2022-11-04 12:44:13'),
(718, 25, 140, 20, 'not coming ', 0, 0, '2022-11-04 12:45:17', '2022-11-04 12:45:17'),
(719, 25, 145, 20, 'coming on monday', 0, 0, '2022-11-04 12:45:43', '2022-11-04 12:45:43'),
(720, 25, 154, 20, 'Interview Scheduled @ Saturday, November 5th 2022, 12:00 pm with Rohit Singh on BUSINESS DEVELOPMENT EXECUTIVE', 1, 0, '2022-11-04 12:53:11', '2022-11-04 12:53:11'),
(721, 3, 2, 3, 'INTERVIEW -> APPLIED by Support Litehires', 1, 0, '2022-11-07 05:09:50', '2022-11-07 05:09:50'),
(722, 3, 2, 3, 'APPLIED -> FEEDBACK by Support Litehires', 1, 0, '2022-11-07 05:11:22', '2022-11-07 05:11:22'),
(723, 3, 2, 3, 'FEEDBACK -> INTERVIEW by Support Litehires', 1, 0, '2022-11-07 05:11:25', '2022-11-07 05:11:25'),
(724, 3, 2, 3, 'INTERVIEW -> DISQUALIFIED by Support Litehires', 1, 0, '2022-11-07 05:11:28', '2022-11-07 05:11:28'),
(725, 3, 2, 3, 'DISQUALIFIED -> INTERVIEW by Support Litehires', 1, 0, '2022-11-07 05:11:58', '2022-11-07 05:11:58'),
(726, 25, 137, 4, 'INTERVIEW -> DISQUALIFIED by ZUBALA MARIUM', 1, 0, '2022-11-07 07:08:28', '2022-11-07 07:08:28'),
(727, 25, 136, 4, 'INTERVIEW -> DISQUALIFIED by ZUBALA MARIUM', 1, 0, '2022-11-07 07:08:31', '2022-11-07 07:08:31'),
(728, 25, 130, 4, 'INTERVIEW -> DISQUALIFIED by ZUBALA MARIUM', 1, 0, '2022-11-07 07:08:34', '2022-11-07 07:08:34'),
(729, 25, 133, 4, 'INTERVIEW -> DISQUALIFIED by ZUBALA MARIUM', 1, 0, '2022-11-07 07:08:37', '2022-11-07 07:08:37'),
(730, 25, 146, 4, 'FEEDBACK -> DISQUALIFIED by ZUBALA MARIUM', 1, 0, '2022-11-07 07:08:46', '2022-11-07 07:08:46'),
(731, 25, 156, 20, 'Interview Scheduled @ Tuesday, November 8th 2022, 12:00 pm with Rahul Dhakad on BUSINESS DEVELOPMENT EXECUTIVE', 1, 0, '2022-11-07 07:18:20', '2022-11-07 07:18:20'),
(732, 25, 154, 20, 'APPLIED -> INTERVIEW by Sunil Kumar', 1, 0, '2022-11-07 07:18:35', '2022-11-07 07:18:35'),
(733, 25, 154, 20, 'INTERVIEW -> DISQUALIFIED by Sunil Kumar', 1, 0, '2022-11-07 07:18:52', '2022-11-07 07:18:52'),
(734, 25, 140, 20, 'INTERVIEW -> DISQUALIFIED by Sunil Kumar', 1, 0, '2022-11-07 07:18:55', '2022-11-07 07:18:55'),
(735, 25, 131, 20, 'INTERVIEW -> DISQUALIFIED by Sunil Kumar', 1, 0, '2022-11-07 07:19:01', '2022-11-07 07:19:01'),
(736, 25, 138, 20, 'INTERVIEW -> DISQUALIFIED by Sunil Kumar', 1, 0, '2022-11-07 07:19:03', '2022-11-07 07:19:03'),
(737, 25, 152, 20, 'Interview Scheduled @ Tuesday, November 8th 2022, 12:00 pm with Devendra Singh on BUSINESS DEVELOPMENT EXECUTIVE', 1, 0, '2022-11-07 07:21:54', '2022-11-07 07:21:54'),
(738, 3, 2, 3, 'INTERVIEW -> APPLIED by Support Litehires', 1, 0, '2022-11-07 07:35:24', '2022-11-07 07:35:24'),
(739, 3, 2, 3, 'APPLIED -> INTERVIEW by Support Litehires', 1, 0, '2022-11-07 07:46:31', '2022-11-07 07:46:31'),
(740, 3, 2, 3, 'INTERVIEW -> FEEDBACK by Support Litehires', 1, 0, '2022-11-07 07:46:43', '2022-11-07 07:46:43'),
(741, 25, 157, 20, 'Interview Scheduled @ Wednesday, November 9th 2022, 12:00 pm with Anukool Saxena on BUSINESS DEVELOPMENT EXECUTIVE', 1, 0, '2022-11-07 08:02:51', '2022-11-07 08:02:51'),
(742, 25, 166, 20, 'Interview Scheduled @ Wednesday, November 9th 2022, 12:00 pm with Harshita Singh on BUSINESS DEVELOPMENT EXECUTIVE', 1, 0, '2022-11-07 10:22:38', '2022-11-07 10:22:38'),
(743, 25, 167, 20, 'Interview Scheduled @ Tuesday, November 8th 2022, 12:00 pm with Gourav Tripathi on BUSINESS DEVELOPMENT EXECUTIVE', 1, 0, '2022-11-07 10:23:21', '2022-11-07 10:23:21'),
(744, 25, 169, 20, 'Interview Scheduled @ Tuesday, November 8th 2022, 12:00 pm with Sneha sneha on BUSINESS DEVELOPMENT EXECUTIVE', 1, 0, '2022-11-07 11:58:33', '2022-11-07 11:58:33'),
(745, 25, 170, 20, 'Interview Scheduled @ Wednesday, November 9th 2022, 12:00 pm with Pallavi Tiwai on BUSINESS DEVELOPMENT EXECUTIVE', 1, 0, '2022-11-07 11:59:23', '2022-11-07 11:59:23'),
(746, 27, 160, 1, 'APPLIED -> INTERVIEW by admin user', 1, 0, '2022-11-08 11:47:54', '2022-11-08 11:47:54'),
(747, 1, 37, 1, 'OFFER -> APPLIED by admin user', 1, 0, '2022-11-08 11:54:20', '2022-11-08 11:54:20'),
(748, 27, 172, 1, 'APPLIED -> OFFER by admin user', 1, 0, '2022-11-08 11:56:52', '2022-11-08 11:56:52'),
(749, 27, 172, 1, 'OFFER -> DISQUALIFIED by admin user', 1, 0, '2022-11-08 11:57:06', '2022-11-08 11:57:06'),
(750, 27, 175, 1, 'APPLIED -> OFFER by admin user', 1, 0, '2022-11-08 11:57:18', '2022-11-08 11:57:18'),
(751, 27, 175, 1, 'OFFER -> DISQUALIFIED by admin user', 1, 0, '2022-11-08 11:57:55', '2022-11-08 11:57:55'),
(752, 17, 181, 4, 'APPLIED -> FEEDBACK by ZUBALA MARIUM', 1, 0, '2022-11-08 12:52:24', '2022-11-08 12:52:24'),
(753, 25, 152, 4, 'NOT PICKING UP THE CALL', 0, 0, '2022-11-09 05:32:59', '2022-11-09 05:32:59'),
(754, 25, 152, 4, 'NOT PICKING UP THE CALL', 0, 0, '2022-11-09 05:33:08', '2022-11-09 05:33:08'),
(755, 25, 152, 4, 'APPLIED -> DISQUALIFIED by ZUBALA MARIUM', 1, 0, '2022-11-09 05:33:28', '2022-11-09 05:33:28'),
(756, 25, 167, 4, 'location constraint', 0, 0, '2022-11-09 05:37:34', '2022-11-09 05:37:34'),
(757, 25, 167, 4, 'APPLIED -> DISQUALIFIED by ZUBALA MARIUM', 1, 0, '2022-11-09 05:38:24', '2022-11-09 05:38:24'),
(758, 25, 158, 4, 'APPLIED -> DISQUALIFIED by ZUBALA MARIUM', 1, 0, '2022-11-09 05:39:58', '2022-11-09 05:39:58'),
(759, 25, 159, 4, 'location constraint', 0, 0, '2022-11-09 05:42:53', '2022-11-09 05:42:53'),
(760, 25, 159, 4, 'APPLIED -> DISQUALIFIED by ZUBALA MARIUM', 1, 0, '2022-11-09 05:42:57', '2022-11-09 05:42:57'),
(761, 25, 171, 4, 'NOT PICKING UP THE CALL', 0, 0, '2022-11-09 05:45:50', '2022-11-09 05:45:50'),
(762, 25, 171, 4, 'APPLIED -> INTERVIEW by ZUBALA MARIUM', 1, 0, '2022-11-09 05:45:56', '2022-11-09 05:45:56'),
(763, 25, 171, 4, 'INTERVIEW -> FEEDBACK by ZUBALA MARIUM', 1, 0, '2022-11-09 06:10:47', '2022-11-09 06:10:47'),
(764, 25, 199, 4, 'APPLIED -> DISQUALIFIED by ZUBALA MARIUM', 1, 0, '2022-11-09 06:11:16', '2022-11-09 06:11:16'),
(765, 27, 174, 46, 'APPLIED -> INTERVIEW by Neha Thimmaiah', 1, 0, '2022-11-09 07:00:42', '2022-11-09 07:00:42'),
(766, 25, 159, 4, 'Interview Scheduled @ Wednesday, November 9th 2022, 12:45 pm with Aarchi Jain on BUSINESS DEVELOPMENT EXECUTIVE', 1, 0, '2022-11-09 07:07:39', '2022-11-09 07:07:39'),
(767, 25, 166, 4, 'SHE LIVES IN LUCKNOW', 0, 0, '2022-11-09 07:27:38', '2022-11-09 07:27:38'),
(768, 25, 166, 4, 'FLIPKART VOICE PROCESS 2MONTHS', 0, 0, '2022-11-09 07:27:52', '2022-11-09 07:27:52'),
(769, 25, 166, 4, 'POOR COMMUNICATION SKILLS', 0, 0, '2022-11-09 07:29:13', '2022-11-09 07:29:13'),
(770, 25, 166, 4, 'APPLIED -> DISQUALIFIED by ZUBALA MARIUM', 1, 0, '2022-11-09 07:29:21', '2022-11-09 07:29:21');

-- --------------------------------------------------------

--
-- Table structure for table `meetings`
--

DROP TABLE IF EXISTS `meetings`;
CREATE TABLE IF NOT EXISTS `meetings` (
  `id` bigint(20) UNSIGNED NOT NULL AUTO_INCREMENT,
  `room` varchar(255) NOT NULL,
  `name` varchar(255) NOT NULL,
  `type` enum('ONLINE','PHONE','F2F') NOT NULL DEFAULT 'ONLINE',
  `value` varchar(255) DEFAULT NULL,
  `userId` int(10) UNSIGNED NOT NULL,
  `start` datetime NOT NULL,
  `end` datetime NOT NULL,
  `response` enum('','NO SHOW','DONE','PANEL NOT AVAILABLE','OTHER') DEFAULT NULL,
  `candidateId` int(10) UNSIGNED DEFAULT NULL,
  `createdAt` datetime NOT NULL,
  `updatedAt` datetime NOT NULL,
  PRIMARY KEY (`id`),
  UNIQUE KEY `room` (`room`)
) ENGINE=InnoDB AUTO_INCREMENT=120 DEFAULT CHARSET=latin1;

--
-- Dumping data for table `meetings`
--

INSERT INTO `meetings` (`id`, `room`, `name`, `type`, `value`, `userId`, `start`, `end`, `response`, `candidateId`, `createdAt`, `updatedAt`) VALUES
(43, '1a01458ef43fe417b896f6c0b1483d0ed46e302b751940e0e81c3fe95d8d', 'Fullstack - Devender', 'ONLINE', NULL, 3, '2022-08-25 09:30:00', '2022-08-25 04:30:00', NULL, NULL, '2022-08-18 11:16:44', '2022-08-18 11:16:44'),
(44, '28150dd02c0bcfe6340596e2e5619946d6e0d9cb73e80b81f7cddee4f462', 'Fullstack - Devender', 'ONLINE', NULL, 3, '2022-08-25 09:30:00', '2022-08-25 04:30:00', NULL, NULL, '2022-08-18 11:16:45', '2022-08-18 11:16:45'),
(45, 'db3a574ab2c2818907de67d3ed1569a1226a7dbf49f49e844a78f4f6a0fb', 'Fullstack - Devender', 'ONLINE', NULL, 3, '2022-08-25 09:30:00', '2022-08-25 04:30:00', NULL, NULL, '2022-08-18 11:16:45', '2022-08-18 11:16:45'),
(46, '7ecc0ac0ce9890b3e11ce3d904914d5dbd92885d2d6fc7f0d22b1d7668d0', 'Fullstack - Devender', 'ONLINE', NULL, 3, '2022-08-25 09:30:00', '2022-08-25 04:30:00', NULL, NULL, '2022-08-18 11:16:45', '2022-08-18 11:16:45'),
(47, 'ba6e9199dcf406a82cfc0034c6970f630d6a51adfda68c7d78642939bf88', 'Fullstack - Devender', 'ONLINE', NULL, 3, '2022-08-25 09:30:00', '2022-08-25 04:30:00', NULL, NULL, '2022-08-18 11:16:46', '2022-08-18 11:16:46'),
(48, 'eb71c8756964144b453c468599fb1b8049a4b48f84edb55e38819038fbd0', 'Fullstack - Devender', 'ONLINE', NULL, 3, '2022-08-25 09:30:00', '2022-08-25 04:30:00', NULL, NULL, '2022-08-18 11:16:46', '2022-08-18 11:16:46'),
(50, 'b29b79991dff3bcfb2de20dc56d010343e1df164063396d6d50e296af9a8', 'Fullstack - Ankit', 'ONLINE', NULL, 3, '2022-08-20 10:00:00', '2022-08-20 05:00:00', NULL, NULL, '2022-08-19 03:41:10', '2022-08-19 03:41:10'),
(51, '7435f85c8e3f4f508f00790b401244acf7e7dba5cebd6c515c699f0482e9', 'Fullstack - Ankit', 'ONLINE', NULL, 3, '2022-08-20 10:00:00', '2022-08-20 05:00:00', NULL, NULL, '2022-08-19 03:41:13', '2022-08-19 03:41:13'),
(52, 'd8589498f075f1f2f012b644cd39cd673f4544395b379d4841799452de20', 'Fullstack - Ankit', 'ONLINE', NULL, 3, '2022-08-20 10:00:00', '2022-08-20 05:00:00', NULL, NULL, '2022-08-19 03:41:13', '2022-08-19 03:41:13'),
(53, '7b5fd3c10af8b202a2e4b3cdd029086fca69c834d047861a3833e8d653fa', 'Fullstack - Ankit', 'ONLINE', NULL, 3, '2022-08-20 10:00:00', '2022-08-20 05:00:00', NULL, NULL, '2022-08-19 03:41:13', '2022-08-19 03:41:13'),
(54, 'de8ee3c352a22762aabc90ac2dc9917c3de8353a85c4e996e2dbb6dd3c79', 'Fullstack - Ankit', 'ONLINE', NULL, 3, '2022-08-20 10:00:00', '2022-08-20 05:00:00', NULL, NULL, '2022-08-19 03:41:13', '2022-08-19 03:41:13'),
(55, '0793e12bc59bdc', 'BDE: LITEHIRES GLOBAL PRIVATE LIMITED', 'ONLINE', NULL, 4, '2022-08-20 11:45:00', '2022-08-20 06:30:00', NULL, NULL, '2022-08-19 08:12:08', '2022-08-19 08:12:08'),
(56, '3b3f86a3b7f83397c0ab05', 'Fullstack developer interview', 'ONLINE', NULL, 3, '2022-08-26 09:00:00', '2022-08-26 04:00:00', NULL, NULL, '2022-08-19 15:22:48', '2022-08-19 15:22:48'),
(57, '7115f725589c64fe573f00', 'Fullstack developer interview', 'ONLINE', NULL, 3, '2022-08-26 09:00:00', '2022-08-26 04:00:00', NULL, NULL, '2022-08-19 15:22:51', '2022-08-19 15:22:51'),
(58, 'c9274fb3ad40ccb2844a6f', 'BDE HALDIVITA', 'ONLINE', NULL, 4, '2022-08-22 12:00:00', '2022-08-22 07:00:00', NULL, NULL, '2022-08-20 08:07:04', '2022-08-20 08:07:04'),
(61, 'fbbd13b62a787da75ae114aacee7c94c958e6eb8d61b14f62dba56f4ca21', 'SALES EXECUTIVE interview   (Abhishek Saini)', 'ONLINE', NULL, 10, '2022-08-22 16:00:00', '2022-08-22 10:45:00', NULL, NULL, '2022-08-22 10:26:41', '2022-08-22 10:26:41'),
(62, '5a200bb6b1aa345508ea15bb576e8b070780b2e2268055417aee6237e5a5', 'SALES EXECUTIVE interview   (Abhishek Saini)', '', NULL, 10, '2022-08-23 12:00:00', '2022-08-23 06:45:00', NULL, NULL, '2022-08-23 06:21:18', '2022-08-23 06:21:18'),
(63, '5f5e708531b391651a7db545bea0eb430bb86ef79f1b3c90820e391478d3', 'SALES EXECUTIVE interview   (ARYAN ARORA)', '', NULL, 4, '2022-08-23 15:13:00', '2022-08-23 10:13:00', NULL, NULL, '2022-08-23 09:06:08', '2022-08-23 09:06:08'),
(64, '80328ed853e857710603', 'ECOMMERCE MANAGER interview   (Ankit Khanduri)', '', NULL, 10, '2022-08-25 11:00:00', '2022-08-25 06:00:00', NULL, NULL, '2022-08-24 15:58:33', '2022-08-24 15:58:33'),
(65, 'a97fa17c84900d166b74', 'ECOMMERCE MANAGER interview   (Ankit Khanduri)', '', NULL, 10, '2022-08-25 11:00:00', '2022-08-25 05:45:00', NULL, NULL, '2022-08-24 16:00:59', '2022-08-24 16:00:59'),
(66, '4ca7d07c54f156229dc8', 'ECOMMERCE MANAGER interview   (Ankit Khanduri)', '', NULL, 10, '2022-08-25 11:01:00', '2022-08-25 05:46:00', NULL, NULL, '2022-08-24 16:01:44', '2022-08-24 16:01:44'),
(70, '8189254612d6a28415af', 'new test job interview   (test test)', 'ONLINE', NULL, 17, '2022-08-30 14:00:00', '2022-08-30 08:45:00', NULL, 47, '2022-08-29 00:14:36', '2022-08-29 00:14:36'),
(71, 'c632eca019d73c5a81c7', 'ECOMMERCE MANAGER interview   (Saurabh Bindoliya)', 'ONLINE', NULL, 10, '2022-08-30 07:02:00', '2022-08-30 01:47:00', NULL, 48, '2022-08-29 00:32:00', '2022-08-29 00:32:00'),
(72, '9c213a7dd6ae0cacd7d3', 'TALENT ACQUISITION EXECUTIVE interview   (SyedAzhar Sultan)', 'ONLINE', NULL, 4, '2022-08-29 15:32:00', '2022-08-29 10:17:00', 'DONE', 52, '2022-08-29 08:45:28', '2022-08-29 10:36:35'),
(73, 'df079bc448516bd0505a', 'TALENT ACQUISITION EXECUTIVE interview   (Ayush Rathore)', 'ONLINE', NULL, 4, '2022-08-30 11:00:00', '2022-08-30 06:00:00', 'DONE', 49, '2022-08-29 08:47:05', '2022-09-01 05:48:54'),
(76, '774109928204ab835156', 'SALES EXECUTIVE interview   (Nitin Gupta)', 'ONLINE', NULL, 4, '2022-09-02 11:00:00', '2022-09-02 06:00:00', NULL, 43, '2022-08-30 07:31:43', '2022-08-30 07:31:43'),
(77, '0a4881d1b50625ce33f2', 'SALES EXECUTIVE interview   (ABHINAV Kumar)', 'ONLINE', NULL, 4, '2022-09-01 16:30:00', '2022-09-01 11:15:00', NULL, 8, '2022-09-01 10:28:51', '2022-09-01 10:28:51'),
(78, 'a87f2054987a557575c4', 'SALES EXECUTIVE interview   (Abhishek Saini)', 'ONLINE', NULL, 4, '2022-09-01 16:15:00', '2022-09-01 11:00:00', NULL, 12, '2022-09-01 10:30:01', '2022-09-01 10:30:01'),
(81, '4273eaa2897d77dd3196', 'SALES EXECUTIVE interview   (Raj Kishor)', 'F2F', 'office', 4, '2022-09-16 13:00:00', '2022-09-16 08:30:00', NULL, 65, '2022-09-15 08:08:24', '2022-09-15 08:08:24'),
(82, 'e857f2423ff3c481a4c8', 'SALES EXECUTIVE interview   (MD SALMAN)', 'F2F', 'Office', 4, '2022-09-15 16:00:00', '2022-09-15 11:00:00', NULL, 66, '2022-09-15 10:04:57', '2022-09-15 10:04:57'),
(83, '838d955fe2bf5c9da4bb', 'SALES EXECUTIVE interview   (Nitesh Kumar)', 'F2F', 'office', 4, '2022-09-16 11:00:00', '2022-09-16 06:00:00', NULL, 42, '2022-09-15 10:26:32', '2022-09-15 10:26:32'),
(84, '5f0cb1eca950cdd3ff0b', 'SALES EXECUTIVE interview   (Nitin Gupta)', 'F2F', '', 4, '2022-09-16 12:00:00', '2022-09-16 07:00:00', NULL, 69, '2022-09-15 11:36:30', '2022-09-15 11:36:30'),
(85, '471c977a624315523520', 'SALES EXECUTIVE interview   (Test canididate)', 'ONLINE', NULL, 10, '2022-09-17 09:00:00', '2022-09-17 03:45:00', NULL, 71, '2022-09-16 01:35:40', '2022-09-16 01:35:40'),
(86, 'afad452bfc0804e87b96', 'SALES EXECUTIVE interview   (Md JamalAkhtar)', 'F2F', '', 4, '2022-09-16 16:00:00', '2022-09-16 10:45:00', NULL, 75, '2022-09-16 06:22:13', '2022-09-16 06:22:13'),
(87, 'e5ecd88034a24cdb868f', 'SALES EXECUTIVE interview   (PRAKASH ROY)', 'F2F', '', 4, '2022-09-16 12:30:00', '2022-09-16 07:15:00', NULL, 76, '2022-09-16 06:33:28', '2022-09-16 06:33:28'),
(88, 'ecac34023685355f52bd', 'SALES EXECUTIVE interview   (Nitesh Kumar)', 'F2F', '', 4, '2022-09-19 12:00:00', '2022-09-19 06:45:00', NULL, 42, '2022-09-16 06:46:31', '2022-09-16 06:46:31'),
(89, 'b614550359844edbe8c0', 'SALES EXECUTIVE interview   (MANISH JAIN)', 'F2F', '', 4, '2022-09-19 11:00:00', '2022-09-19 05:45:00', NULL, 77, '2022-09-16 08:40:22', '2022-09-16 08:40:22'),
(90, '216ae5b3f8a134e920ff', 'SALES EXECUTIVE interview   (VIKRAM PRATAP)', 'F2F', '', 4, '2022-09-16 16:00:00', '2022-09-16 10:45:00', NULL, 78, '2022-09-16 10:08:19', '2022-09-16 10:08:19'),
(92, 'c34eef1ac703c34de78f', 'GET interview   (Rocket rocks)', 'ONLINE', NULL, 30, '2022-09-23 17:00:00', '2022-09-23 12:00:00', NULL, 84, '2022-09-22 07:05:03', '2022-09-22 07:05:03'),
(93, 'c99a69ffc378a6e3c5e7', 'test interview   (test test)', 'ONLINE', NULL, 26, '2022-09-23 10:00:00', '2022-09-23 10:15:00', NULL, 83, '2022-09-22 16:07:26', '2022-09-22 16:07:26'),
(94, '0a0038e2eafb7ba733a3', 'test interview   (test test)', 'ONLINE', NULL, 29, '2022-09-23 10:00:00', '2022-09-23 10:15:00', 'DONE', 86, '2022-09-22 16:50:23', '2022-09-26 01:12:21'),
(95, 'ed5d99daa1cec8765b05', 'test interview   (test test)', 'ONLINE', NULL, 27, '2022-09-24 09:00:00', '2022-09-24 09:15:00', NULL, 81, '2022-09-23 16:05:24', '2022-09-23 16:05:24'),
(96, '20b3f3061c0ce146d86a', 'test interview   (test test)', 'ONLINE', NULL, 27, '2022-09-24 09:00:00', '2022-09-24 09:15:00', NULL, 81, '2022-09-23 16:10:06', '2022-09-23 16:10:06'),
(97, 'd767447f25f56be16b95', 'new test job interview   (Test Test)', 'ONLINE', NULL, 34, '2022-09-25 09:00:00', '2022-09-25 09:15:00', 'DONE', 88, '2022-09-24 06:27:55', '2022-11-01 11:40:28'),
(98, '582162734d84dbba220b', 'test interview   (test test)', 'ONLINE', NULL, 29, '2022-09-27 03:30:00', '2022-09-27 03:45:00', 'DONE', 86, '2022-09-26 01:13:28', '2022-09-27 14:42:01'),
(99, 'c44162530e4f3b41738c', 'test interview   (test test)', 'ONLINE', NULL, 29, '2022-09-27 03:30:00', '2022-09-27 03:45:00', 'DONE', 86, '2022-09-26 01:15:11', '2022-09-27 14:42:03'),
(104, '38b8498679dc0c658614', 'SALES EXECUTIVE interview   (Sanjay Singh)', 'F2F', '', 4, '2022-09-28 04:30:00', '2022-09-28 04:45:00', NULL, 97, '2022-09-27 09:50:57', '2022-09-27 09:50:57'),
(105, '66fafe2ce43a3cfc7dcc', 'test interview   (test test)', 'ONLINE', NULL, 29, '2022-09-28 03:30:00', '2022-09-28 03:45:00', NULL, 86, '2022-09-27 14:38:55', '2022-09-27 14:38:55'),
(106, '4f99b2d14691fb788f08', 'test interview   (Prakhar singh)', 'ONLINE', NULL, 29, '2022-09-28 03:30:00', '2022-09-28 03:45:00', NULL, 100, '2022-09-27 14:44:21', '2022-09-27 14:44:21'),
(107, '2f030d4cebd943f65f25', 'test interview   (test test)', 'ONLINE', NULL, 35, '2022-10-06 03:30:00', '2022-10-06 03:45:00', 'DONE', 107, '2022-10-05 06:29:49', '2022-10-06 06:10:42'),
(108, '92778f7b80ed0ad1e3a0', 'new test job interview   (Test Test)', 'ONLINE', NULL, 34, '2022-11-09 06:30:00', '2022-11-09 06:45:00', NULL, 88, '2022-11-01 11:40:56', '2022-11-01 11:40:56'),
(109, '0992f5ea000c7c030fdc', 'BUSINESS DEVELOPMENT EXECUTIVE interview   (Owais Owais)', 'F2F', 'OKLA', 20, '2022-11-05 16:30:00', '2022-11-05 16:45:00', NULL, 133, '2022-11-04 12:33:08', '2022-11-04 12:33:08'),
(110, '4f92b0b9dcd2776968df', 'BUSINESS DEVELOPMENT EXECUTIVE interview   (Satyam jha)', 'F2F', 'okla', 20, '2022-11-05 16:30:00', '2022-11-05 16:45:00', NULL, 137, '2022-11-04 12:44:13', '2022-11-04 12:44:13'),
(111, 'e2dce0eeaabab23c1c29', 'BUSINESS DEVELOPMENT EXECUTIVE interview   (Rohit Singh)', 'F2F', '', 20, '2022-11-05 06:30:00', '2022-11-05 06:45:00', NULL, 154, '2022-11-04 12:53:11', '2022-11-04 12:53:11'),
(112, 'ce0be49a266dc9125b80', 'BUSINESS DEVELOPMENT EXECUTIVE interview   (Rahul Dhakad)', 'F2F', 'okla', 20, '2022-11-08 06:30:00', '2022-11-08 06:45:00', NULL, 156, '2022-11-07 07:18:20', '2022-11-07 07:18:20'),
(113, '2dcc36596dc194d7495d', 'BUSINESS DEVELOPMENT EXECUTIVE interview   (Devendra Singh)', 'F2F', 'okla', 20, '2022-11-08 06:30:00', '2022-11-08 06:45:00', 'DONE', 152, '2022-11-07 07:21:54', '2022-11-09 05:32:43'),
(114, '0416f4710fe36e030bb6', 'BUSINESS DEVELOPMENT EXECUTIVE interview   (Anukool Saxena)', 'F2F', 'okla', 20, '2022-11-09 06:30:00', '2022-11-09 06:45:00', NULL, 157, '2022-11-07 08:02:51', '2022-11-07 08:02:51'),
(115, '0cdf6d2c43496708fd03', 'BUSINESS DEVELOPMENT EXECUTIVE interview   (Harshita Singh)', 'F2F', 'okla', 20, '2022-11-09 06:30:00', '2022-11-09 07:00:00', 'DONE', 166, '2022-11-07 10:22:38', '2022-11-09 07:27:20'),
(116, '396872d7caf7a6387c9c', 'BUSINESS DEVELOPMENT EXECUTIVE interview   (Gourav Tripathi)', 'F2F', 'okla', 20, '2022-11-08 06:30:00', '2022-11-08 07:00:00', 'DONE', 167, '2022-11-07 10:23:21', '2022-11-09 05:37:07'),
(117, 'b820ec89dd53f2435d85', 'BUSINESS DEVELOPMENT EXECUTIVE interview   (Sneha sneha)', 'F2F', 'okla', 20, '2022-11-08 06:30:00', '2022-11-08 07:00:00', NULL, 169, '2022-11-07 11:58:33', '2022-11-07 11:58:33'),
(118, '1918d8d66bc8715a2ddd', 'BUSINESS DEVELOPMENT EXECUTIVE interview   (Pallavi Tiwai)', 'F2F', 'okla', 20, '2022-11-09 06:30:00', '2022-11-09 06:45:00', NULL, 170, '2022-11-07 11:59:23', '2022-11-07 11:59:23'),
(119, '27933d4e38ac3276074b', 'BUSINESS DEVELOPMENT EXECUTIVE interview   (Aarchi Jain)', 'F2F', 'D84/2, OKHLA', 4, '2022-11-09 07:15:00', '2022-11-09 07:30:00', NULL, 159, '2022-11-09 07:07:39', '2022-11-09 07:07:39');

-- --------------------------------------------------------

--
-- Table structure for table `meeting_users`
--

DROP TABLE IF EXISTS `meeting_users`;
CREATE TABLE IF NOT EXISTS `meeting_users` (
  `id` bigint(20) UNSIGNED NOT NULL AUTO_INCREMENT,
  `userId` int(10) UNSIGNED NOT NULL,
  `meetingId` int(10) UNSIGNED NOT NULL,
  `createdAt` datetime NOT NULL,
  `updatedAt` datetime NOT NULL,
  PRIMARY KEY (`id`),
  UNIQUE KEY `meeting_users_meeting_id_user_id` (`meetingId`,`userId`)
) ENGINE=InnoDB AUTO_INCREMENT=88 DEFAULT CHARSET=latin1;

--
-- Dumping data for table `meeting_users`
--

INSERT INTO `meeting_users` (`id`, `userId`, `meetingId`, `createdAt`, `updatedAt`) VALUES
(4, 3, 43, '2022-08-18 11:16:44', '2022-08-18 11:16:44'),
(5, 3, 44, '2022-08-18 11:16:45', '2022-08-18 11:16:45'),
(6, 3, 45, '2022-08-18 11:16:45', '2022-08-18 11:16:45'),
(7, 3, 46, '2022-08-18 11:16:45', '2022-08-18 11:16:45'),
(8, 3, 47, '2022-08-18 11:16:46', '2022-08-18 11:16:46'),
(9, 3, 48, '2022-08-18 11:16:46', '2022-08-18 11:16:46'),
(11, 3, 50, '2022-08-19 03:41:10', '2022-08-19 03:41:10'),
(12, 3, 51, '2022-08-19 03:41:13', '2022-08-19 03:41:13'),
(13, 3, 52, '2022-08-19 03:41:13', '2022-08-19 03:41:13'),
(14, 3, 53, '2022-08-19 03:41:13', '2022-08-19 03:41:13'),
(15, 3, 54, '2022-08-19 03:41:13', '2022-08-19 03:41:13'),
(16, 4, 55, '2022-08-19 08:12:08', '2022-08-19 08:12:08'),
(17, 3, 56, '2022-08-19 15:22:48', '2022-08-19 15:22:48'),
(18, 3, 57, '2022-08-19 15:22:51', '2022-08-19 15:22:51'),
(19, 4, 58, '2022-08-20 08:07:04', '2022-08-20 08:07:04'),
(22, 10, 61, '2022-08-22 10:26:41', '2022-08-22 10:26:41'),
(23, 10, 62, '2022-08-23 06:21:18', '2022-08-23 06:21:18'),
(24, 10, 63, '2022-08-23 09:06:08', '2022-08-23 09:06:08'),
(26, 15, 69, '2022-08-28 10:20:48', '2022-08-28 10:20:48'),
(27, 10, 71, '2022-08-29 00:32:00', '2022-08-29 00:32:00'),
(28, 4, 72, '2022-08-29 08:45:28', '2022-08-29 08:45:28'),
(29, 4, 73, '2022-08-29 08:47:05', '2022-08-29 08:47:05'),
(30, 7, 74, '2022-08-29 10:22:37', '2022-08-29 10:22:37'),
(32, 4, 76, '2022-08-30 07:31:43', '2022-08-30 07:31:43'),
(33, 10, 76, '2022-08-30 07:31:43', '2022-08-30 07:31:43'),
(34, 10, 77, '2022-09-01 10:28:51', '2022-09-01 10:28:51'),
(35, 10, 78, '2022-09-01 10:30:01', '2022-09-01 10:30:01'),
(36, 15, 79, '2022-09-02 12:50:17', '2022-09-02 12:50:17'),
(37, 15, 80, '2022-09-02 12:52:05', '2022-09-02 12:52:05'),
(38, 10, 81, '2022-09-15 08:08:24', '2022-09-15 08:08:24'),
(39, 10, 82, '2022-09-15 10:04:57', '2022-09-15 10:04:57'),
(40, 10, 83, '2022-09-15 10:26:32', '2022-09-15 10:26:32'),
(41, 10, 84, '2022-09-15 11:36:30', '2022-09-15 11:36:30'),
(42, 10, 85, '2022-09-16 01:35:40', '2022-09-16 01:35:40'),
(43, 10, 86, '2022-09-16 06:22:13', '2022-09-16 06:22:13'),
(44, 10, 87, '2022-09-16 06:33:28', '2022-09-16 06:33:28'),
(45, 10, 88, '2022-09-16 06:46:31', '2022-09-16 06:46:31'),
(46, 10, 89, '2022-09-16 08:40:22', '2022-09-16 08:40:22'),
(47, 10, 90, '2022-09-16 10:08:19', '2022-09-16 10:08:19'),
(49, 30, 92, '2022-09-22 07:05:03', '2022-09-22 07:05:03'),
(50, 26, 93, '2022-09-22 16:07:26', '2022-09-22 16:07:26'),
(51, 29, 94, '2022-09-22 16:50:23', '2022-09-22 16:50:23'),
(52, 33, 95, '2022-09-23 16:05:24', '2022-09-23 16:05:24'),
(53, 33, 96, '2022-09-23 16:10:06', '2022-09-23 16:10:06'),
(54, 17, 97, '2022-09-24 06:27:55', '2022-09-24 06:27:55'),
(55, 29, 98, '2022-09-26 01:13:28', '2022-09-26 01:13:28'),
(56, 29, 99, '2022-09-26 01:15:11', '2022-09-26 01:15:11'),
(61, 10, 104, '2022-09-27 09:50:57', '2022-09-27 09:50:57'),
(62, 29, 105, '2022-09-27 14:38:55', '2022-09-27 14:38:55'),
(63, 29, 106, '2022-09-27 14:44:21', '2022-09-27 14:44:21'),
(64, 29, 107, '2022-10-05 06:29:49', '2022-10-05 06:29:49'),
(65, 17, 108, '2022-11-01 11:40:56', '2022-11-01 11:40:56'),
(66, 3, 109, '2022-11-04 12:33:08', '2022-11-04 12:33:08'),
(67, 20, 109, '2022-11-04 12:33:08', '2022-11-04 12:33:08'),
(68, 3, 110, '2022-11-04 12:44:13', '2022-11-04 12:44:13'),
(69, 20, 110, '2022-11-04 12:44:13', '2022-11-04 12:44:13'),
(70, 20, 111, '2022-11-04 12:53:11', '2022-11-04 12:53:11'),
(71, 3, 111, '2022-11-04 12:53:11', '2022-11-04 12:53:11'),
(72, 20, 112, '2022-11-07 07:18:20', '2022-11-07 07:18:20'),
(73, 3, 112, '2022-11-07 07:18:20', '2022-11-07 07:18:20'),
(74, 20, 113, '2022-11-07 07:21:54', '2022-11-07 07:21:54'),
(75, 3, 113, '2022-11-07 07:21:54', '2022-11-07 07:21:54'),
(76, 20, 114, '2022-11-07 08:02:51', '2022-11-07 08:02:51'),
(77, 3, 114, '2022-11-07 08:02:51', '2022-11-07 08:02:51'),
(78, 20, 115, '2022-11-07 10:22:38', '2022-11-07 10:22:38'),
(79, 3, 115, '2022-11-07 10:22:38', '2022-11-07 10:22:38'),
(80, 20, 116, '2022-11-07 10:23:21', '2022-11-07 10:23:21'),
(81, 3, 116, '2022-11-07 10:23:21', '2022-11-07 10:23:21'),
(82, 20, 117, '2022-11-07 11:58:33', '2022-11-07 11:58:33'),
(83, 3, 117, '2022-11-07 11:58:33', '2022-11-07 11:58:33'),
(84, 20, 118, '2022-11-07 11:59:23', '2022-11-07 11:59:23'),
(85, 3, 118, '2022-11-07 11:59:23', '2022-11-07 11:59:23'),
(86, 3, 119, '2022-11-09 07:07:39', '2022-11-09 07:07:39');

-- --------------------------------------------------------

--
-- Table structure for table `otps`
--

DROP TABLE IF EXISTS `otps`;
CREATE TABLE IF NOT EXISTS `otps` (
  `id` int(10) UNSIGNED NOT NULL AUTO_INCREMENT,
  `otp` bigint(20) UNSIGNED NOT NULL,
  `email` varchar(255) NOT NULL,
  `createdAt` datetime NOT NULL,
  `updatedAt` datetime NOT NULL,
  PRIMARY KEY (`id`)
) ENGINE=InnoDB AUTO_INCREMENT=43 DEFAULT CHARSET=latin1;

--
-- Dumping data for table `otps`
--

INSERT INTO `otps` (`id`, `otp`, `email`, `createdAt`, `updatedAt`) VALUES
(1, 688921, '2000prakharsingh@gmail.com', '2022-08-18 10:50:13', '2022-08-18 10:50:13'),
(2, 277820, '2000prakharsingh@gmail.com', '2022-08-18 11:31:33', '2022-08-18 11:31:33'),
(3, 612810, '2000prakharsingh@gmail.com', '2022-08-18 11:33:00', '2022-08-18 11:33:00'),
(4, 532549, '2000prakharsingh@gmail.com', '2022-08-18 11:38:44', '2022-08-18 11:38:44'),
(5, 797353, '2000prakharsingh@gmail.com', '2022-08-18 11:39:21', '2022-08-18 11:39:21'),
(6, 219492, '2000prakharsingh@gmail.com', '2022-08-18 11:41:43', '2022-08-18 11:41:43'),
(7, 427327, '2000prakharsingh@gmail.com', '2022-08-18 11:49:28', '2022-08-18 11:49:28'),
(8, 785344, '2000prakharsingh@gmail.com', '2022-08-18 11:52:50', '2022-08-18 11:52:50'),
(9, 812159, '2000prakharsingh@gmail.com', '2022-08-18 11:55:05', '2022-08-18 11:55:05'),
(10, 754025, '2000prakharsingh@gmail.com', '2022-08-18 12:02:03', '2022-08-18 12:02:03'),
(11, 510513, '2000prakharsingh@gmail.com', '2022-08-18 12:08:39', '2022-08-18 12:08:39'),
(12, 980611, '2000prakharsingh@gmail.com', '2022-08-18 12:22:06', '2022-08-18 12:22:06'),
(13, 962211, '2000prakharsingh@gmail.com', '2022-08-18 12:29:40', '2022-08-18 12:29:40'),
(14, 338550, '2000prakharsingh@gmail.com', '2022-08-18 12:33:08', '2022-08-18 12:33:08'),
(15, 636172, '2000prakharsingh@gmail.com', '2022-08-18 12:34:24', '2022-08-18 12:34:24'),
(16, 770475, '2000prakharsingh@gmail.com', '2022-08-18 13:34:27', '2022-08-18 13:34:27'),
(17, 762811, '2000prakharsingh@gmail.com', '2022-08-18 13:44:15', '2022-08-18 13:44:15'),
(18, 174890, '2000prakharsingh@gmail.com', '2022-08-18 13:49:07', '2022-08-18 13:49:07'),
(19, 980021, '2000prakharsingh@gmail.com', '2022-08-18 13:50:37', '2022-08-18 13:50:37'),
(20, 833334, '2000prakharsingh@gmail.com', '2022-08-18 16:00:28', '2022-08-18 16:00:28'),
(21, 163617, '2000prakharsingh@gmail.com', '2022-08-19 00:30:40', '2022-08-19 00:30:40'),
(22, 280403, 'howtoprakhar@gmail.com', '2022-08-19 00:32:26', '2022-08-19 00:32:26'),
(23, 172100, 'howtoprakhar@gmail.com', '2022-08-19 00:54:17', '2022-08-19 00:54:17'),
(24, 253398, '2000prakharsingh@gmail.com', '2022-08-19 01:05:29', '2022-08-19 01:05:29'),
(25, 561203, '2000prakharsingh@gmail.com', '2022-08-19 01:42:54', '2022-08-19 01:42:54'),
(26, 702341, '2000prakharsingh@gmail.com', '2022-08-19 01:47:18', '2022-08-19 01:47:18'),
(27, 632601, '2000prakharsingh@gmail.com', '2022-08-19 01:49:04', '2022-08-19 01:49:04'),
(28, 448916, '2000prakharsingh@gmail.com', '2022-08-19 01:51:47', '2022-08-19 01:51:47'),
(29, 456886, '2000prakharsingh@gmail.com', '2022-08-19 02:04:29', '2022-08-19 02:04:29'),
(30, 730578, '2000prakharsingh@gmail.com', '2022-08-19 02:10:09', '2022-08-19 02:10:09'),
(31, 221890, '2000prakharsingh@gmail.com', '2022-08-19 02:22:59', '2022-08-19 02:22:59'),
(32, 698130, '2000prakharsingh@gmail.com', '2022-08-19 02:49:18', '2022-08-19 02:49:18'),
(33, 775851, '2000prakharsingh@gmail.com', '2022-08-19 03:14:15', '2022-08-19 03:14:15'),
(34, 441127, '2000prakharsingh@gmail.com', '2022-08-19 03:15:28', '2022-08-19 03:15:28'),
(37, 748807, '2000prakharsingh@gmail.com', '2022-08-19 07:05:52', '2022-08-19 07:05:52'),
(38, 569774, '2000prakharsingh@gmail.com', '2022-08-19 07:14:22', '2022-08-19 07:14:22');

-- --------------------------------------------------------

--
-- Table structure for table `positions`
--

DROP TABLE IF EXISTS `positions`;
CREATE TABLE IF NOT EXISTS `positions` (
  `id` int(10) UNSIGNED NOT NULL AUTO_INCREMENT,
  `status` enum('HOLD','ACTIVE','INACTIVE') NOT NULL DEFAULT 'ACTIVE',
  `name` varchar(255) NOT NULL,
  `department` varchar(255) DEFAULT NULL,
  `company` varchar(255) NOT NULL,
  `location` varchar(255) DEFAULT NULL,
  `minExp` double UNSIGNED DEFAULT 0,
  `maxExp` double UNSIGNED DEFAULT 0,
  `minCTC` double UNSIGNED DEFAULT 0,
  `maxCTC` double UNSIGNED DEFAULT 0,
  `other` varchar(255) DEFAULT NULL,
  `slug` varchar(255) NOT NULL,
  `img` varchar(255) DEFAULT NULL,
  `isTest` tinyint(1) DEFAULT 0,
  `isPublic` tinyint(1) DEFAULT 0,
  `isPublicApplied` tinyint(4) NOT NULL DEFAULT 0,
  `isOfferInHand` tinyint(1) DEFAULT 0,
  `isNewCompany` tinyint(1) DEFAULT 0,
  `isNewOffer` tinyint(1) DEFAULT 0,
  `createdAt` datetime NOT NULL,
  `updatedAt` datetime NOT NULL,
  PRIMARY KEY (`id`)
) ENGINE=InnoDB AUTO_INCREMENT=36 DEFAULT CHARSET=latin1;

--
-- Dumping data for table `positions`
--

INSERT INTO `positions` (`id`, `status`, `name`, `department`, `company`, `location`, `minExp`, `maxExp`, `minCTC`, `maxCTC`, `other`, `slug`, `img`, `isTest`, `isPublic`, `isPublicApplied`, `isOfferInHand`, `isNewCompany`, `isNewOffer`, `createdAt`, `updatedAt`) VALUES
(1, 'ACTIVE', 'test position', 'test dept', '', 'delhi', 12, 14, 2, 3, 'test', 'test-position', NULL, 1, 0, 0, 1, 1, 1, '2022-08-17 01:49:20', '2022-09-02 12:59:59'),
(2, 'ACTIVE', 'test pos', 'test dept', '', 'delhi', 12, 14, 20, 22, 'test', 'test-pos', NULL, 1, 0, 0, 1, 1, 1, '2022-08-17 01:49:20', '2022-08-18 06:56:37'),
(3, 'ACTIVE', 'Test', 'Test', '', 'sdasd', 12, 15, 4, 5, NULL, 'Test', NULL, 0, 0, 1, 1, 1, 1, '2022-08-17 08:10:52', '2022-11-07 07:47:33'),
(4, 'ACTIVE', 'SALES EXECUTIVE', 'SALES', '', 'NEW DELHI', 0, 2, 15000, 25000, NULL, 'SALES-EXECUTIVE', NULL, 0, 1, 0, 1, 1, 1, '2022-08-17 12:28:26', '2022-09-23 16:46:47'),
(5, 'ACTIVE', 'SALES EXECUTIVE', 'SALES', '', 'DELHI NCR', 0, 2, 1.8, 3, NULL, 'SALES-EXECUTIVE', NULL, 0, 1, 1, 1, 1, 1, '2022-08-17 12:34:15', '2022-10-06 06:07:30'),
(6, 'ACTIVE', 'Kartik Chaudhary', 'CSE', '', 'Gurgaon', 10, 15, 25, 32, 'Intern', 'Kartik-Chaudhary', NULL, 1, 0, 0, 1, 1, 1, '2022-08-18 08:43:25', '2022-08-18 08:46:39'),
(7, 'ACTIVE', 'TALENT ACQUISITION EXECUTIVE', 'TALENT ACQUISITION', '', 'NEW DELHI', 0, 1, 1.88, 3, NULL, 'TALENT-ACQUISITION-EXECUTIVE', NULL, 0, 0, 0, 1, 1, 1, '2022-08-18 10:25:20', '2022-08-19 11:55:07'),
(8, 'ACTIVE', 'jiyjf', 'jhgv', '', 'uyf', 2, 3, 4, 5, 'jhfg', 'jiyjf', NULL, 1, 0, 0, 1, 1, 1, '2022-08-19 06:00:02', '2022-08-19 06:03:28'),
(9, 'ACTIVE', 'ECOMMERCE MANAGER', 'ECOMMERCE', '', 'NEW DELHI', 1, 5, 2.4, 2.6, NULL, 'ECOMMERCE-MANAGER', NULL, 0, 0, 0, 1, 1, 1, '2022-08-19 08:59:18', '2022-08-19 08:59:18'),
(10, 'ACTIVE', 'test', 'test', '', 'test', 1, 2, 3, 4, 'test', 'test', NULL, 1, 0, 0, 1, 1, 1, '2022-08-21 09:11:03', '2022-08-21 09:11:03'),
(11, 'ACTIVE', 'Mobile App Developer', 'React native ', '', 'Delhi', 0, 0, 1, 2, NULL, 'Mobile-App-Developer', NULL, 0, 0, 0, 1, 1, 1, '2022-08-22 11:14:13', '2022-08-22 11:14:13'),
(12, 'ACTIVE', 'SALES EXECUTIVES/ MANAGERS', 'SALES', '', 'SOUTH DELHI, NOIDA', 1, 3, 1.8, 3, '2 WHEELER, ', 'SALES-EXECUTIVES-MANAGERS', NULL, 0, 1, 1, 1, 1, 1, '2022-08-24 12:18:12', '2022-09-23 16:41:30'),
(13, 'ACTIVE', 'test', 'test', 'test', 'test', 12, 15, 12, 14, NULL, 'test', NULL, 0, 1, 0, 1, 1, 1, '2022-08-28 16:53:22', '2022-08-28 17:14:14'),
(14, 'ACTIVE', 'new test job', 'test', 'Google', 'test', 11, 12, 12, 13, NULL, 'new-test-job', NULL, 0, 1, 0, 1, 1, 1, '2022-08-28 18:14:10', '2022-08-28 18:14:41'),
(15, 'ACTIVE', 'test', 'test', 'test', 'test', 1, 3, 2, 4, 'test', 'test', NULL, 1, 0, 0, 1, 1, 1, '2022-08-30 15:26:28', '2022-08-30 15:26:28'),
(16, 'ACTIVE', 'Program Manager', 'IT', 'Google', 'Gurgaon', 4, 10, 20, 50, 'Program Manger', 'Program-Manager', NULL, 0, 0, 1, 1, 1, 1, '2022-09-17 09:15:30', '2022-09-22 16:39:22'),
(17, 'ACTIVE', 'GRAPHIC DESIGNER', 'DESIGN', 'FARMORIGIN AGROSCIENCE PVT LTD', 'OKHLA', 1, 5, 15000, 30000, 'EXPERINCE IN PRDUCT DESIGN', 'GRAPHIC-DESIGNER', NULL, 1, 1, 1, 1, 1, 1, '2022-09-20 07:07:46', '2022-11-07 07:03:43'),
(18, 'ACTIVE', 'test', 'test', 'test', 'test', 12, 15, 13, 15, 'test', 'test', NULL, 0, 1, 0, 1, 1, 1, '2022-09-20 17:03:36', '2022-09-27 14:53:37'),
(19, 'ACTIVE', 'test', 'test', 'Xyz', 'test', 12, 15, 14, 16, NULL, 'test', NULL, 0, 0, 0, 1, 1, 1, '2022-09-21 16:14:28', '2022-09-21 16:14:28'),
(20, 'ACTIVE', 'GET', 'Technical', 'litehires', 'ncr', 1, 2, 12, 23, NULL, 'GET', NULL, 1, 1, 0, 1, 1, 1, '2022-09-22 07:01:32', '2022-09-23 16:20:56'),
(22, 'ACTIVE', 'test', 'test', 'test', 'test', 12, 16, 12, 16, NULL, 'test', NULL, 0, 1, 1, 1, 1, 1, '2022-09-22 16:21:43', '2022-09-26 01:51:54'),
(23, 'ACTIVE', 'New job', 'Technology/IT', 'HCL', 'Noida', 5, 10, 12, 18, 'NodeJS, Flutter', 'New-job', NULL, 0, 0, 0, 1, 1, 1, '2022-10-06 05:59:18', '2022-10-06 05:59:18'),
(24, 'ACTIVE', 'Data Scientist', 'department', 'Data company', 'New Delhi', 2, 5, 25000, 35000, NULL, 'Data-Scientist', NULL, 1, 0, 0, 1, 1, 1, '2022-10-10 08:27:48', '2022-10-10 08:27:48'),
(25, 'ACTIVE', 'BUSINESS DEVELOPMENT EXECUTIVE', 'TALENT ACQUISITION', 'LITEHIRES GLOBAL PVT LTD', 'OKHLA, NEW DELHI', 1, 3, 2, 3.6, 'EXCELLENT COMMUNICATION SKILLS', 'BUSINESS-DEVELOPMENT-EXECUTIVE', NULL, 0, 0, 0, 1, 1, 1, '2022-10-11 06:06:52', '2022-10-11 06:06:52'),
(26, 'ACTIVE', 'Mainframe Developer', 'Software Developer', 'Siimplify3X', 'Bangalore, Hyderabad', 4, 10, 10, 22, 'IMS DB', 'Mainframe-Developer', NULL, 0, 1, 1, 1, 1, 1, '2022-11-07 06:16:38', '2022-11-07 08:26:35'),
(27, 'ACTIVE', 'Mainframe Tester', 'Testing', 'Siimplify3X', 'Bangalore Hyderabad', 3, 9, 6, 15, 'SQL, Mainframe Testing Experience', 'Mainframe-Tester', NULL, 0, 1, 1, 1, 1, 1, '2022-11-07 06:19:08', '2022-11-07 08:26:35'),
(28, 'ACTIVE', 'Executive assistant', 'Non - IT', 'Litehires', 'Noida', 2, 5, 6, 10, 'Good communication Skills', 'Executive-assistant', NULL, 0, 0, 1, 1, 1, 1, '2022-11-07 07:41:00', '2022-11-07 07:41:43'),
(29, 'ACTIVE', 'Executive assistant', 'Non - IT', 'Litehires', 'Noida', 2, 5, 6, 10, 'Good communication Skills', 'Executive-assistant', NULL, 0, 0, 0, 1, 1, 1, '2022-11-07 07:41:00', '2022-11-07 07:41:00'),
(30, 'ACTIVE', 'Executive assistant', 'Non - IT', 'Litehires', 'Noida', 2, 5, 6, 10, 'Good communication Skills', 'Executive-assistant', NULL, 0, 0, 0, 1, 1, 1, '2022-11-07 07:41:15', '2022-11-07 07:41:15'),
(31, 'ACTIVE', 'Executive assistant', 'Non - IT', 'Litehires', 'Noida', 2, 5, 6, 10, 'Good communication Skills', 'Executive-assistant', NULL, 0, 0, 0, 1, 1, 1, '2022-11-07 07:41:15', '2022-11-07 07:41:15'),
(32, 'ACTIVE', 'Java FSD', 'Software Developer', 'Siimplify3X', 'Bangalore and Hyderabad', 6, 9, 10, 22, 'Full Stack Java/J2EE Developers', 'Java-FSD', NULL, 0, 1, 1, 1, 1, 1, '2022-11-07 12:01:55', '2022-11-08 04:53:01'),
(33, 'ACTIVE', 'Mainframe Developer With CICS', 'Developer', 'Siimplify3X', 'Bangalore And Hyderabad', 5, 8, 8, 20, 'Hand on experience in CICS', 'Mainframe-Developer-With-CICS', NULL, 0, 1, 1, 1, 1, 1, '2022-11-07 12:07:13', '2022-11-08 04:53:03'),
(34, 'ACTIVE', 'Java Developer', 'Developer', 'Siimplify3X', 'Hyderabad and Bangalore', 3, 6, 10, 22, '	 Java Dev', 'Java-Developer', NULL, 0, 1, 1, 1, 1, 1, '2022-11-08 05:48:59', '2022-11-08 07:16:25'),
(35, 'ACTIVE', 'Java Developer 	with React 4-9yrs', 'Developer', 'Siimplify3X', 'Bangalore', 4, 9, 10, 22, 'Java, Oracle developer (4-9 years)', 'Java-Developer-with-React-4-9yrs', NULL, 0, 1, 1, 1, 1, 1, '2022-11-08 05:50:41', '2022-11-08 06:58:09');

-- --------------------------------------------------------

--
-- Table structure for table `position_users`
--

DROP TABLE IF EXISTS `position_users`;
CREATE TABLE IF NOT EXISTS `position_users` (
  `id` bigint(20) UNSIGNED NOT NULL AUTO_INCREMENT,
  `userId` int(10) UNSIGNED NOT NULL,
  `positionId` int(10) UNSIGNED NOT NULL,
  `roleId` int(10) UNSIGNED NOT NULL,
  `createdAt` datetime NOT NULL,
  `updatedAt` datetime NOT NULL,
  PRIMARY KEY (`id`),
  UNIQUE KEY `position_users_position_id_user_id` (`positionId`,`userId`)
) ENGINE=InnoDB AUTO_INCREMENT=596 DEFAULT CHARSET=latin1;

--
-- Dumping data for table `position_users`
--

INSERT INTO `position_users` (`id`, `userId`, `positionId`, `roleId`, `createdAt`, `updatedAt`) VALUES
(4, 1, 2, 5, '2022-08-17 01:49:20', '2022-08-17 01:49:20'),
(5, 3, 3, 3, '2022-08-17 08:10:52', '2022-08-17 08:10:52'),
(7, 4, 4, 3, '2022-08-17 12:28:26', '2022-08-17 12:28:26'),
(8, 1, 4, 5, '2022-08-17 12:28:26', '2022-08-17 12:28:26'),
(9, 4, 5, 3, '2022-08-17 12:34:15', '2022-08-17 12:34:15'),
(10, 1, 5, 5, '2022-08-17 12:34:15', '2022-08-17 12:34:15'),
(13, 1, 6, 5, '2022-08-18 08:43:25', '2022-08-18 08:43:25'),
(15, 4, 7, 3, '2022-08-18 10:25:20', '2022-08-18 10:25:20'),
(16, 1, 7, 5, '2022-08-18 10:25:20', '2022-08-18 10:25:20'),
(17, 7, 8, 3, '2022-08-19 06:00:02', '2022-08-19 06:00:02'),
(18, 1, 8, 5, '2022-08-19 06:00:02', '2022-08-19 06:00:02'),
(19, 4, 9, 3, '2022-08-19 08:59:18', '2022-08-19 08:59:18'),
(20, 1, 9, 5, '2022-08-19 08:59:18', '2022-08-19 08:59:18'),
(21, 10, 5, 4, '2022-08-20 11:52:42', '2022-08-20 11:52:42'),
(23, 1, 10, 5, '2022-08-21 09:11:03', '2022-08-21 09:11:03'),
(24, 4, 11, 3, '2022-08-22 11:14:13', '2022-08-22 11:14:13'),
(25, 1, 11, 5, '2022-08-22 11:14:13', '2022-08-22 11:14:13'),
(26, 7, 1, 2, '2022-08-24 11:58:56', '2022-08-24 11:58:56'),
(27, 13, 1, 2, '2022-08-24 12:12:41', '2022-08-24 12:12:41'),
(28, 4, 12, 3, '2022-08-24 12:18:12', '2022-08-24 12:18:12'),
(29, 1, 12, 5, '2022-08-24 12:18:12', '2022-08-24 12:18:12'),
(30, 10, 9, 3, '2022-08-24 15:52:47', '2022-08-24 15:52:47'),
(31, 15, 1, 1, '2022-08-28 10:14:04', '2022-08-28 10:14:04'),
(32, 17, 13, 3, '2022-08-28 16:53:22', '2022-08-28 16:53:22'),
(34, 17, 14, 3, '2022-08-28 18:14:10', '2022-08-28 18:14:10'),
(35, 1, 14, 5, '2022-08-28 18:14:10', '2022-08-28 18:14:10'),
(36, 18, 15, 3, '2022-08-30 15:26:28', '2022-08-30 15:26:28'),
(37, 1, 15, 5, '2022-08-30 15:26:29', '2022-08-30 15:26:29'),
(40, 1, 16, 5, '2022-09-17 09:15:30', '2022-09-17 09:15:30'),
(41, 4, 17, 3, '2022-09-20 07:07:46', '2022-09-20 07:07:46'),
(43, 27, 18, 3, '2022-09-20 17:03:36', '2022-09-20 17:03:36'),
(46, 26, 19, 3, '2022-09-21 16:14:28', '2022-09-21 16:14:28'),
(47, 1, 19, 5, '2022-09-21 16:14:28', '2022-09-21 16:14:28'),
(48, 30, 21, 3, '2022-09-22 07:01:32', '2022-09-22 07:01:32'),
(49, 30, 20, 3, '2022-09-22 07:01:32', '2022-09-22 07:01:32'),
(50, 1, 21, 5, '2022-09-22 07:01:32', '2022-09-22 07:01:32'),
(52, 15, 20, 3, '2022-09-22 07:11:43', '2022-09-22 07:11:43'),
(54, 29, 22, 3, '2022-09-22 16:21:43', '2022-09-22 16:21:43'),
(55, 1, 22, 5, '2022-09-22 16:21:43', '2022-09-22 16:21:43'),
(57, 33, 18, 4, '2022-09-23 16:04:01', '2022-09-23 16:04:01'),
(60, 31, 14, 5, '2022-09-23 16:19:50', '2022-09-23 16:19:50'),
(62, 31, 20, 5, '2022-09-23 16:20:56', '2022-09-23 16:20:56'),
(63, 31, 4, 5, '2022-09-23 16:39:00', '2022-09-23 16:39:00'),
(64, 31, 12, 5, '2022-09-23 16:41:30', '2022-09-23 16:41:30'),
(65, 34, 4, 5, '2022-09-24 06:25:08', '2022-09-24 06:25:08'),
(66, 34, 12, 5, '2022-09-24 06:25:08', '2022-09-24 06:25:08'),
(69, 34, 14, 5, '2022-09-24 06:25:08', '2022-09-24 06:25:08'),
(71, 34, 20, 5, '2022-09-24 06:25:08', '2022-09-24 06:25:08'),
(72, 34, 22, 5, '2022-09-26 01:51:54', '2022-09-26 01:51:54'),
(73, 31, 22, 5, '2022-09-26 01:51:54', '2022-09-26 01:51:54'),
(74, 5, 9, 1, '2022-09-26 16:28:10', '2022-09-26 16:28:10'),
(75, 35, 14, 5, '2022-09-27 09:16:31', '2022-09-27 09:16:31'),
(78, 35, 12, 5, '2022-09-27 09:16:31', '2022-09-27 09:16:31'),
(79, 35, 4, 5, '2022-09-27 09:16:31', '2022-09-27 09:16:31'),
(81, 35, 20, 5, '2022-09-27 09:16:31', '2022-09-27 09:16:31'),
(82, 35, 22, 5, '2022-09-27 09:16:31', '2022-09-27 09:16:31'),
(91, 37, 7, 4, '2022-09-27 14:33:20', '2022-09-27 14:33:20'),
(92, 5, 22, 4, '2022-09-27 14:41:40', '2022-09-27 14:41:40'),
(93, 10, 7, 4, '2022-09-28 05:21:02', '2022-09-28 05:21:02'),
(94, 40, 23, 3, '2022-10-06 05:59:18', '2022-10-06 05:59:18'),
(95, 1, 23, 5, '2022-10-06 05:59:18', '2022-10-06 05:59:18'),
(96, 40, 4, 5, '2022-10-06 06:02:30', '2022-10-06 06:02:30'),
(97, 40, 12, 5, '2022-10-06 06:02:30', '2022-10-06 06:02:30'),
(98, 40, 13, 5, '2022-10-06 06:02:30', '2022-10-06 06:02:30'),
(99, 40, 14, 5, '2022-10-06 06:02:30', '2022-10-06 06:02:30'),
(101, 40, 18, 5, '2022-10-06 06:02:30', '2022-10-06 06:02:30'),
(102, 40, 20, 5, '2022-10-06 06:02:30', '2022-10-06 06:02:30'),
(103, 40, 22, 5, '2022-10-06 06:02:30', '2022-10-06 06:02:30'),
(104, 31, 5, 5, '2022-10-06 06:07:30', '2022-10-06 06:07:30'),
(105, 34, 5, 5, '2022-10-06 06:07:30', '2022-10-06 06:07:30'),
(106, 35, 5, 5, '2022-10-06 06:07:30', '2022-10-06 06:07:30'),
(107, 40, 5, 5, '2022-10-06 06:07:30', '2022-10-06 06:07:30'),
(108, 41, 24, 3, '2022-10-10 08:27:48', '2022-10-10 08:27:48'),
(109, 1, 24, 5, '2022-10-10 08:27:48', '2022-10-10 08:27:48'),
(110, 4, 25, 3, '2022-10-11 06:06:52', '2022-10-11 06:06:52'),
(111, 1, 25, 5, '2022-10-11 06:06:52', '2022-10-11 06:06:52'),
(112, 33, 25, 4, '2022-10-11 06:11:46', '2022-10-11 06:11:46'),
(113, 20, 25, 2, '2022-10-11 09:13:44', '2022-10-11 09:13:44'),
(114, 20, 17, 2, '2022-10-13 06:19:19', '2022-10-13 06:19:19'),
(115, 43, 4, 5, '2022-11-01 11:47:10', '2022-11-01 11:47:10'),
(116, 43, 5, 5, '2022-11-01 11:47:10', '2022-11-01 11:47:10'),
(117, 43, 12, 5, '2022-11-01 11:47:10', '2022-11-01 11:47:10'),
(118, 43, 13, 5, '2022-11-01 11:47:10', '2022-11-01 11:47:10'),
(119, 43, 14, 5, '2022-11-01 11:47:10', '2022-11-01 11:47:10'),
(121, 43, 18, 5, '2022-11-01 11:47:10', '2022-11-01 11:47:10'),
(122, 43, 20, 5, '2022-11-01 11:47:10', '2022-11-01 11:47:10'),
(123, 43, 22, 5, '2022-11-01 11:47:10', '2022-11-01 11:47:10'),
(124, 3, 25, 4, '2022-11-01 12:05:57', '2022-11-01 12:05:57'),
(125, 45, 5, 5, '2022-11-04 09:02:26', '2022-11-04 09:02:26'),
(126, 45, 12, 5, '2022-11-04 09:02:26', '2022-11-04 09:02:26'),
(127, 45, 4, 5, '2022-11-04 09:02:26', '2022-11-04 09:02:26'),
(128, 45, 13, 5, '2022-11-04 09:02:26', '2022-11-04 09:02:26'),
(129, 45, 14, 5, '2022-11-04 09:02:26', '2022-11-04 09:02:26'),
(131, 45, 18, 5, '2022-11-04 09:02:26', '2022-11-04 09:02:26'),
(132, 45, 20, 5, '2022-11-04 09:02:26', '2022-11-04 09:02:26'),
(133, 45, 22, 5, '2022-11-04 09:02:26', '2022-11-04 09:02:26'),
(161, 31, 13, 5, '2022-11-04 09:03:07', '2022-11-04 09:03:07'),
(162, 34, 13, 5, '2022-11-04 09:03:07', '2022-11-04 09:03:07'),
(163, 35, 13, 5, '2022-11-04 09:03:07', '2022-11-04 09:03:07'),
(179, 31, 18, 5, '2022-11-04 09:03:07', '2022-11-04 09:03:07'),
(180, 34, 18, 5, '2022-11-04 09:03:07', '2022-11-04 09:03:07'),
(181, 35, 18, 5, '2022-11-04 09:03:07', '2022-11-04 09:03:07'),
(197, 47, 4, 5, '2022-11-07 05:19:25', '2022-11-07 05:19:25'),
(198, 47, 5, 5, '2022-11-07 05:19:25', '2022-11-07 05:19:25'),
(199, 47, 12, 5, '2022-11-07 05:19:25', '2022-11-07 05:19:25'),
(200, 47, 13, 5, '2022-11-07 05:19:25', '2022-11-07 05:19:25'),
(201, 47, 14, 5, '2022-11-07 05:19:25', '2022-11-07 05:19:25'),
(203, 47, 18, 5, '2022-11-07 05:19:25', '2022-11-07 05:19:25'),
(204, 47, 20, 5, '2022-11-07 05:19:25', '2022-11-07 05:19:25'),
(205, 47, 22, 5, '2022-11-07 05:19:25', '2022-11-07 05:19:25'),
(215, 46, 26, 3, '2022-11-07 06:16:38', '2022-11-07 06:16:38'),
(216, 1, 26, 5, '2022-11-07 06:16:38', '2022-11-07 06:16:38'),
(217, 46, 27, 3, '2022-11-07 06:19:08', '2022-11-07 06:19:08'),
(218, 1, 27, 5, '2022-11-07 06:19:08', '2022-11-07 06:19:08'),
(282, 20, 4, 5, '2022-11-07 06:39:14', '2022-11-07 06:39:14'),
(283, 20, 5, 5, '2022-11-07 06:39:14', '2022-11-07 06:39:14'),
(284, 20, 12, 5, '2022-11-07 06:39:14', '2022-11-07 06:39:14'),
(285, 20, 14, 5, '2022-11-07 06:39:14', '2022-11-07 06:39:14'),
(286, 20, 13, 5, '2022-11-07 06:39:14', '2022-11-07 06:39:14'),
(287, 20, 18, 5, '2022-11-07 06:39:14', '2022-11-07 06:39:14'),
(289, 20, 20, 5, '2022-11-07 06:39:14', '2022-11-07 06:39:14'),
(290, 20, 22, 5, '2022-11-07 06:39:14', '2022-11-07 06:39:14'),
(300, 48, 4, 5, '2022-11-07 06:46:36', '2022-11-07 06:46:36'),
(301, 48, 5, 5, '2022-11-07 06:46:36', '2022-11-07 06:46:36'),
(302, 48, 13, 5, '2022-11-07 06:46:36', '2022-11-07 06:46:36'),
(303, 48, 14, 5, '2022-11-07 06:46:36', '2022-11-07 06:46:36'),
(304, 48, 12, 5, '2022-11-07 06:46:36', '2022-11-07 06:46:36'),
(306, 48, 18, 5, '2022-11-07 06:46:36', '2022-11-07 06:46:36'),
(307, 48, 20, 5, '2022-11-07 06:46:36', '2022-11-07 06:46:36'),
(308, 48, 22, 5, '2022-11-07 06:46:36', '2022-11-07 06:46:36'),
(318, 28, 5, 5, '2022-11-07 06:47:54', '2022-11-07 06:47:54'),
(319, 28, 4, 5, '2022-11-07 06:47:54', '2022-11-07 06:47:54'),
(320, 28, 12, 5, '2022-11-07 06:47:54', '2022-11-07 06:47:54'),
(321, 28, 14, 5, '2022-11-07 06:47:54', '2022-11-07 06:47:54'),
(322, 28, 13, 5, '2022-11-07 06:47:54', '2022-11-07 06:47:54'),
(323, 28, 18, 5, '2022-11-07 06:47:54', '2022-11-07 06:47:54'),
(325, 28, 20, 5, '2022-11-07 06:47:54', '2022-11-07 06:47:54'),
(326, 28, 22, 5, '2022-11-07 06:47:54', '2022-11-07 06:47:54'),
(336, 49, 4, 5, '2022-11-07 07:14:34', '2022-11-07 07:14:34'),
(337, 49, 5, 5, '2022-11-07 07:14:34', '2022-11-07 07:14:34'),
(338, 49, 12, 5, '2022-11-07 07:14:34', '2022-11-07 07:14:34'),
(339, 49, 14, 5, '2022-11-07 07:14:34', '2022-11-07 07:14:34'),
(340, 49, 13, 5, '2022-11-07 07:14:34', '2022-11-07 07:14:34'),
(341, 49, 17, 5, '2022-11-07 07:14:34', '2022-11-07 07:14:34'),
(342, 49, 18, 5, '2022-11-07 07:14:34', '2022-11-07 07:14:34'),
(343, 49, 20, 5, '2022-11-07 07:14:34', '2022-11-07 07:14:34'),
(344, 49, 22, 5, '2022-11-07 07:14:34', '2022-11-07 07:14:34'),
(354, 3, 28, 3, '2022-11-07 07:41:00', '2022-11-07 07:41:00'),
(355, 1, 28, 5, '2022-11-07 07:41:00', '2022-11-07 07:41:00'),
(356, 3, 29, 3, '2022-11-07 07:41:00', '2022-11-07 07:41:00'),
(357, 1, 29, 5, '2022-11-07 07:41:00', '2022-11-07 07:41:00'),
(358, 3, 31, 3, '2022-11-07 07:41:15', '2022-11-07 07:41:15'),
(359, 3, 30, 3, '2022-11-07 07:41:15', '2022-11-07 07:41:15'),
(360, 1, 31, 5, '2022-11-07 07:41:15', '2022-11-07 07:41:15'),
(361, 1, 30, 5, '2022-11-07 07:41:15', '2022-11-07 07:41:15'),
(362, 20, 26, 5, '2022-11-07 08:26:35', '2022-11-07 08:26:35'),
(363, 28, 26, 5, '2022-11-07 08:26:35', '2022-11-07 08:26:35'),
(364, 31, 26, 5, '2022-11-07 08:26:35', '2022-11-07 08:26:35'),
(365, 35, 26, 5, '2022-11-07 08:26:35', '2022-11-07 08:26:35'),
(366, 34, 26, 5, '2022-11-07 08:26:35', '2022-11-07 08:26:35'),
(367, 40, 26, 5, '2022-11-07 08:26:35', '2022-11-07 08:26:35'),
(368, 43, 26, 5, '2022-11-07 08:26:35', '2022-11-07 08:26:35'),
(369, 45, 26, 5, '2022-11-07 08:26:35', '2022-11-07 08:26:35'),
(370, 47, 26, 5, '2022-11-07 08:26:35', '2022-11-07 08:26:35'),
(371, 48, 26, 5, '2022-11-07 08:26:35', '2022-11-07 08:26:35'),
(372, 49, 26, 5, '2022-11-07 08:26:35', '2022-11-07 08:26:35'),
(373, 20, 27, 5, '2022-11-07 08:26:35', '2022-11-07 08:26:35'),
(374, 28, 27, 5, '2022-11-07 08:26:35', '2022-11-07 08:26:35'),
(375, 31, 27, 5, '2022-11-07 08:26:35', '2022-11-07 08:26:35'),
(376, 34, 27, 5, '2022-11-07 08:26:35', '2022-11-07 08:26:35'),
(377, 35, 27, 5, '2022-11-07 08:26:35', '2022-11-07 08:26:35'),
(378, 40, 27, 5, '2022-11-07 08:26:35', '2022-11-07 08:26:35'),
(379, 43, 27, 5, '2022-11-07 08:26:35', '2022-11-07 08:26:35'),
(380, 45, 27, 5, '2022-11-07 08:26:35', '2022-11-07 08:26:35'),
(381, 47, 27, 5, '2022-11-07 08:26:35', '2022-11-07 08:26:35'),
(382, 48, 27, 5, '2022-11-07 08:26:35', '2022-11-07 08:26:35'),
(383, 49, 27, 5, '2022-11-07 08:26:35', '2022-11-07 08:26:35'),
(428, 46, 32, 3, '2022-11-07 12:01:55', '2022-11-07 12:01:55'),
(429, 1, 32, 5, '2022-11-07 12:01:55', '2022-11-07 12:01:55'),
(430, 46, 33, 3, '2022-11-07 12:07:13', '2022-11-07 12:07:13'),
(431, 1, 33, 5, '2022-11-07 12:07:13', '2022-11-07 12:07:13'),
(432, 20, 32, 5, '2022-11-08 04:53:01', '2022-11-08 04:53:01'),
(433, 28, 32, 5, '2022-11-08 04:53:01', '2022-11-08 04:53:01'),
(434, 31, 32, 5, '2022-11-08 04:53:01', '2022-11-08 04:53:01'),
(435, 34, 32, 5, '2022-11-08 04:53:01', '2022-11-08 04:53:01'),
(436, 35, 32, 5, '2022-11-08 04:53:01', '2022-11-08 04:53:01'),
(437, 40, 32, 5, '2022-11-08 04:53:01', '2022-11-08 04:53:01'),
(438, 43, 32, 5, '2022-11-08 04:53:01', '2022-11-08 04:53:01'),
(439, 45, 32, 5, '2022-11-08 04:53:01', '2022-11-08 04:53:01'),
(440, 47, 32, 5, '2022-11-08 04:53:01', '2022-11-08 04:53:01'),
(441, 48, 32, 5, '2022-11-08 04:53:01', '2022-11-08 04:53:01'),
(442, 49, 32, 5, '2022-11-08 04:53:01', '2022-11-08 04:53:01'),
(443, 28, 33, 5, '2022-11-08 04:53:03', '2022-11-08 04:53:03'),
(444, 20, 33, 5, '2022-11-08 04:53:03', '2022-11-08 04:53:03'),
(445, 31, 33, 5, '2022-11-08 04:53:03', '2022-11-08 04:53:03'),
(446, 34, 33, 5, '2022-11-08 04:53:03', '2022-11-08 04:53:03'),
(447, 35, 33, 5, '2022-11-08 04:53:03', '2022-11-08 04:53:03'),
(448, 40, 33, 5, '2022-11-08 04:53:03', '2022-11-08 04:53:03'),
(449, 43, 33, 5, '2022-11-08 04:53:03', '2022-11-08 04:53:03'),
(450, 45, 33, 5, '2022-11-08 04:53:03', '2022-11-08 04:53:03'),
(451, 49, 33, 5, '2022-11-08 04:53:03', '2022-11-08 04:53:03'),
(452, 47, 33, 5, '2022-11-08 04:53:03', '2022-11-08 04:53:03'),
(453, 48, 33, 5, '2022-11-08 04:53:03', '2022-11-08 04:53:03'),
(454, 50, 4, 5, '2022-11-08 05:43:28', '2022-11-08 05:43:28'),
(455, 50, 5, 5, '2022-11-08 05:43:28', '2022-11-08 05:43:28'),
(456, 50, 12, 5, '2022-11-08 05:43:28', '2022-11-08 05:43:28'),
(457, 50, 13, 5, '2022-11-08 05:43:28', '2022-11-08 05:43:28'),
(458, 50, 14, 5, '2022-11-08 05:43:28', '2022-11-08 05:43:28'),
(459, 50, 18, 5, '2022-11-08 05:43:28', '2022-11-08 05:43:28'),
(460, 50, 20, 5, '2022-11-08 05:43:28', '2022-11-08 05:43:28'),
(461, 50, 22, 5, '2022-11-08 05:43:28', '2022-11-08 05:43:28'),
(462, 50, 17, 5, '2022-11-08 05:43:28', '2022-11-08 05:43:28'),
(463, 50, 26, 5, '2022-11-08 05:43:28', '2022-11-08 05:43:28'),
(464, 50, 27, 5, '2022-11-08 05:43:28', '2022-11-08 05:43:28'),
(465, 50, 32, 5, '2022-11-08 05:43:28', '2022-11-08 05:43:28'),
(466, 50, 33, 5, '2022-11-08 05:43:28', '2022-11-08 05:43:28'),
(467, 51, 4, 5, '2022-11-08 05:43:30', '2022-11-08 05:43:30'),
(468, 51, 5, 5, '2022-11-08 05:43:30', '2022-11-08 05:43:30'),
(469, 51, 12, 5, '2022-11-08 05:43:30', '2022-11-08 05:43:30'),
(470, 51, 13, 5, '2022-11-08 05:43:30', '2022-11-08 05:43:30'),
(471, 51, 14, 5, '2022-11-08 05:43:30', '2022-11-08 05:43:30'),
(472, 51, 17, 5, '2022-11-08 05:43:30', '2022-11-08 05:43:30'),
(473, 51, 18, 5, '2022-11-08 05:43:30', '2022-11-08 05:43:30'),
(474, 51, 20, 5, '2022-11-08 05:43:30', '2022-11-08 05:43:30'),
(475, 51, 22, 5, '2022-11-08 05:43:30', '2022-11-08 05:43:30'),
(476, 51, 26, 5, '2022-11-08 05:43:30', '2022-11-08 05:43:30'),
(477, 51, 27, 5, '2022-11-08 05:43:30', '2022-11-08 05:43:30'),
(478, 51, 32, 5, '2022-11-08 05:43:30', '2022-11-08 05:43:30'),
(479, 51, 33, 5, '2022-11-08 05:43:30', '2022-11-08 05:43:30'),
(493, 46, 34, 3, '2022-11-08 05:48:59', '2022-11-08 05:48:59'),
(494, 1, 34, 5, '2022-11-08 05:48:59', '2022-11-08 05:48:59'),
(495, 46, 35, 3, '2022-11-08 05:50:41', '2022-11-08 05:50:41'),
(496, 1, 35, 5, '2022-11-08 05:50:41', '2022-11-08 05:50:41'),
(497, 52, 4, 5, '2022-11-08 06:36:18', '2022-11-08 06:36:18'),
(498, 52, 5, 5, '2022-11-08 06:36:18', '2022-11-08 06:36:18'),
(499, 52, 12, 5, '2022-11-08 06:36:18', '2022-11-08 06:36:18'),
(500, 52, 13, 5, '2022-11-08 06:36:18', '2022-11-08 06:36:18'),
(501, 52, 14, 5, '2022-11-08 06:36:18', '2022-11-08 06:36:18'),
(502, 52, 17, 5, '2022-11-08 06:36:18', '2022-11-08 06:36:18'),
(503, 52, 18, 5, '2022-11-08 06:36:18', '2022-11-08 06:36:18'),
(504, 52, 20, 5, '2022-11-08 06:36:18', '2022-11-08 06:36:18'),
(505, 52, 22, 5, '2022-11-08 06:36:18', '2022-11-08 06:36:18'),
(506, 52, 26, 5, '2022-11-08 06:36:18', '2022-11-08 06:36:18'),
(507, 52, 27, 5, '2022-11-08 06:36:18', '2022-11-08 06:36:18'),
(508, 52, 32, 5, '2022-11-08 06:36:18', '2022-11-08 06:36:18'),
(509, 52, 33, 5, '2022-11-08 06:36:18', '2022-11-08 06:36:18'),
(510, 20, 34, 5, '2022-11-08 06:58:09', '2022-11-08 06:58:09'),
(511, 40, 34, 5, '2022-11-08 06:58:09', '2022-11-08 06:58:09'),
(512, 34, 34, 5, '2022-11-08 06:58:09', '2022-11-08 06:58:09'),
(513, 31, 34, 5, '2022-11-08 06:58:09', '2022-11-08 06:58:09'),
(514, 35, 34, 5, '2022-11-08 06:58:09', '2022-11-08 06:58:09'),
(515, 28, 34, 5, '2022-11-08 06:58:09', '2022-11-08 06:58:09'),
(516, 43, 34, 5, '2022-11-08 06:58:09', '2022-11-08 06:58:09'),
(517, 45, 34, 5, '2022-11-08 06:58:09', '2022-11-08 06:58:09'),
(518, 47, 34, 5, '2022-11-08 06:58:09', '2022-11-08 06:58:09'),
(519, 48, 34, 5, '2022-11-08 06:58:09', '2022-11-08 06:58:09'),
(520, 49, 34, 5, '2022-11-08 06:58:09', '2022-11-08 06:58:09'),
(521, 50, 34, 5, '2022-11-08 06:58:09', '2022-11-08 06:58:09'),
(522, 51, 34, 5, '2022-11-08 06:58:09', '2022-11-08 06:58:09'),
(523, 52, 34, 5, '2022-11-08 06:58:09', '2022-11-08 06:58:09'),
(524, 28, 35, 5, '2022-11-08 06:58:09', '2022-11-08 06:58:09'),
(525, 31, 35, 5, '2022-11-08 06:58:09', '2022-11-08 06:58:09'),
(526, 34, 35, 5, '2022-11-08 06:58:09', '2022-11-08 06:58:09'),
(527, 35, 35, 5, '2022-11-08 06:58:09', '2022-11-08 06:58:09'),
(528, 20, 35, 5, '2022-11-08 06:58:09', '2022-11-08 06:58:09'),
(529, 40, 35, 5, '2022-11-08 06:58:09', '2022-11-08 06:58:09'),
(530, 43, 35, 5, '2022-11-08 06:58:09', '2022-11-08 06:58:09'),
(531, 45, 35, 5, '2022-11-08 06:58:09', '2022-11-08 06:58:09'),
(532, 47, 35, 5, '2022-11-08 06:58:09', '2022-11-08 06:58:09'),
(533, 48, 35, 5, '2022-11-08 06:58:09', '2022-11-08 06:58:09'),
(534, 49, 35, 5, '2022-11-08 06:58:09', '2022-11-08 06:58:09'),
(535, 50, 35, 5, '2022-11-08 06:58:09', '2022-11-08 06:58:09'),
(536, 51, 35, 5, '2022-11-08 06:58:09', '2022-11-08 06:58:09'),
(537, 52, 35, 5, '2022-11-08 06:58:09', '2022-11-08 06:58:09'),
(566, 54, 4, 5, '2022-11-09 06:21:15', '2022-11-09 06:21:15'),
(567, 54, 5, 5, '2022-11-09 06:21:15', '2022-11-09 06:21:15'),
(568, 54, 13, 5, '2022-11-09 06:21:15', '2022-11-09 06:21:15'),
(569, 54, 14, 5, '2022-11-09 06:21:15', '2022-11-09 06:21:15'),
(570, 54, 12, 5, '2022-11-09 06:21:15', '2022-11-09 06:21:15'),
(571, 54, 17, 5, '2022-11-09 06:21:15', '2022-11-09 06:21:15'),
(572, 54, 18, 5, '2022-11-09 06:21:15', '2022-11-09 06:21:15'),
(573, 54, 20, 5, '2022-11-09 06:21:15', '2022-11-09 06:21:15'),
(574, 54, 22, 5, '2022-11-09 06:21:15', '2022-11-09 06:21:15'),
(575, 54, 26, 5, '2022-11-09 06:21:15', '2022-11-09 06:21:15'),
(576, 54, 27, 5, '2022-11-09 06:21:15', '2022-11-09 06:21:15'),
(577, 54, 32, 5, '2022-11-09 06:21:15', '2022-11-09 06:21:15'),
(578, 54, 33, 5, '2022-11-09 06:21:15', '2022-11-09 06:21:15'),
(579, 54, 34, 5, '2022-11-09 06:21:15', '2022-11-09 06:21:15'),
(580, 54, 35, 5, '2022-11-09 06:21:15', '2022-11-09 06:21:15'),
(581, 55, 4, 5, '2022-11-09 06:21:15', '2022-11-09 06:21:15'),
(582, 55, 12, 5, '2022-11-09 06:21:15', '2022-11-09 06:21:15'),
(583, 55, 13, 5, '2022-11-09 06:21:15', '2022-11-09 06:21:15'),
(584, 55, 5, 5, '2022-11-09 06:21:15', '2022-11-09 06:21:15'),
(585, 55, 14, 5, '2022-11-09 06:21:15', '2022-11-09 06:21:15'),
(586, 55, 17, 5, '2022-11-09 06:21:15', '2022-11-09 06:21:15'),
(587, 55, 18, 5, '2022-11-09 06:21:15', '2022-11-09 06:21:15'),
(588, 55, 20, 5, '2022-11-09 06:21:15', '2022-11-09 06:21:15'),
(589, 55, 22, 5, '2022-11-09 06:21:15', '2022-11-09 06:21:15'),
(590, 55, 26, 5, '2022-11-09 06:21:15', '2022-11-09 06:21:15'),
(591, 55, 27, 5, '2022-11-09 06:21:15', '2022-11-09 06:21:15'),
(592, 55, 32, 5, '2022-11-09 06:21:15', '2022-11-09 06:21:15'),
(593, 55, 33, 5, '2022-11-09 06:21:15', '2022-11-09 06:21:15'),
(594, 55, 34, 5, '2022-11-09 06:21:15', '2022-11-09 06:21:15'),
(595, 55, 35, 5, '2022-11-09 06:21:15', '2022-11-09 06:21:15');

-- --------------------------------------------------------

--
-- Table structure for table `roles`
--

DROP TABLE IF EXISTS `roles`;
CREATE TABLE IF NOT EXISTS `roles` (
  `id` int(10) UNSIGNED NOT NULL AUTO_INCREMENT,
  `name` varchar(255) NOT NULL,
  `slug` varchar(255) NOT NULL,
  `createdAt` datetime NOT NULL,
  `updatedAt` datetime NOT NULL,
  PRIMARY KEY (`id`),
  UNIQUE KEY `name` (`name`)
) ENGINE=InnoDB AUTO_INCREMENT=126 DEFAULT CHARSET=latin1;

--
-- Dumping data for table `roles`
--

INSERT INTO `roles` (`id`, `name`, `slug`, `createdAt`, `updatedAt`) VALUES
(1, 'MEMBER', 'MEMBER', '2022-08-17 01:47:23', '2022-08-17 01:47:23'),
(2, 'EXTERNAL RECRUITER', 'EXTERNAL-RECRUITER', '2022-08-17 01:47:23', '2022-08-17 01:47:23'),
(3, 'ADMIN', 'ADMIN', '2022-08-17 01:47:23', '2022-08-17 01:47:23'),
(4, 'HIRING MANAGER', 'HIRING-MANAGER', '2022-08-17 01:47:23', '2022-08-17 01:47:23'),
(5, 'LITEHIRES VENDOR', 'LITEHIRES-VENDOR', '2022-08-17 01:47:23', '2022-08-17 01:47:23');

-- --------------------------------------------------------

--
-- Table structure for table `skills`
--

DROP TABLE IF EXISTS `skills`;
CREATE TABLE IF NOT EXISTS `skills` (
  `id` bigint(20) UNSIGNED NOT NULL AUTO_INCREMENT,
  `candidateId` int(10) UNSIGNED NOT NULL,
  `name` varchar(255) NOT NULL,
  `createdAt` datetime NOT NULL,
  `updatedAt` datetime NOT NULL,
  PRIMARY KEY (`id`)
) ENGINE=InnoDB AUTO_INCREMENT=244 DEFAULT CHARSET=latin1;

--
-- Dumping data for table `skills`
--

INSERT INTO `skills` (`id`, `candidateId`, `name`, `createdAt`, `updatedAt`) VALUES
(1, 44, 'jkbhgf]', '2022-08-27 15:53:42', '2022-08-27 15:53:42'),
(2, 44, 'jskhbg', '2022-08-27 15:53:42', '2022-08-27 15:53:42'),
(3, 44, 'kshdbf', '2022-08-27 15:53:42', '2022-08-27 15:53:42'),
(4, 45, 'PHP', '2022-08-28 10:17:55', '2022-08-28 10:17:55'),
(5, 46, 'ExpressJS', '2022-08-28 17:46:03', '2022-08-28 17:46:03'),
(6, 46, 'ReactJS', '2022-08-28 17:46:03', '2022-08-28 17:46:03'),
(7, 47, 'node', '2022-08-28 18:16:42', '2022-08-28 18:16:42'),
(8, 48, 'NodeJS', '2022-08-29 00:30:20', '2022-08-29 00:30:20'),
(9, 49, 'IT recruitment Exp', '2022-08-29 06:59:07', '2022-08-29 06:59:07'),
(10, 50, 'IT hiring exp', '2022-08-29 07:06:11', '2022-08-29 07:06:11'),
(11, 51, 'telecall', '2022-08-29 07:33:10', '2022-08-29 07:33:10'),
(12, 52, 'HR Hiring Exp', '2022-08-29 07:33:24', '2022-08-29 07:33:24'),
(13, 53, 'HR hiring exp', '2022-08-29 10:53:02', '2022-08-29 10:53:02'),
(14, 54, 'HR hiring exp', '2022-08-29 10:53:02', '2022-08-29 10:53:02'),
(15, 55, 'Hiring Exp', '2022-08-29 11:37:41', '2022-08-29 11:37:41'),
(16, 56, 'google ads', '2022-08-30 08:43:10', '2022-08-30 08:43:10'),
(17, 56, 'seo', '2022-08-30 08:43:10', '2022-08-30 08:43:10'),
(18, 57, 'ad campaigns', '2022-08-30 08:45:51', '2022-08-30 08:45:51'),
(19, 57, 'keyword optimisation', '2022-08-30 08:45:51', '2022-08-30 08:45:51'),
(20, 58, 'test', '2022-08-30 15:27:28', '2022-08-30 15:27:28'),
(21, 58, 'test2', '2022-08-30 15:27:28', '2022-08-30 15:27:28'),
(22, 59, 'Sales Promotion', '2022-09-01 09:21:32', '2022-09-01 09:21:32'),
(23, 60, 'Presentation skills', '2022-09-01 09:37:28', '2022-09-01 09:37:28'),
(24, 61, 'Target oriented person', '2022-09-01 09:46:27', '2022-09-01 09:46:27'),
(25, 62, 'team lead', '2022-09-01 10:48:43', '2022-09-01 10:48:43'),
(26, 63, 'PHARMACY', '2022-09-01 11:43:57', '2022-09-01 11:43:57'),
(27, 64, 'php', '2022-09-02 12:45:26', '2022-09-02 12:45:26'),
(28, 65, 'Distributor', '2022-09-15 08:02:48', '2022-09-15 08:02:48'),
(29, 66, 'FMCG sales', '2022-09-15 10:01:32', '2022-09-15 10:01:32'),
(30, 67, 'FMCG sales', '2022-09-15 10:25:14', '2022-09-15 10:25:14'),
(31, 68, 'FMCG sales', '2022-09-15 11:30:25', '2022-09-15 11:30:25'),
(32, 69, 'FMCG sales', '2022-09-15 11:34:51', '2022-09-15 11:34:51'),
(33, 70, 'NodeJS', '2022-09-16 01:18:19', '2022-09-16 01:18:19'),
(34, 70, 'MongoDB', '2022-09-16 01:18:19', '2022-09-16 01:18:19'),
(35, 70, 'MySQL', '2022-09-16 01:18:19', '2022-09-16 01:18:19'),
(36, 71, 'NOdeJS', '2022-09-16 01:32:07', '2022-09-16 01:32:07'),
(37, 72, 'customer relationship management', '2022-09-16 04:45:50', '2022-09-16 04:45:50'),
(38, 73, 'keen learner', '2022-09-16 04:51:48', '2022-09-16 04:51:48'),
(39, 74, 'COMMUNICATION', '2022-09-16 05:13:40', '2022-09-16 05:13:40'),
(40, 75, 'FMCG sales', '2022-09-16 06:20:00', '2022-09-16 06:20:00'),
(41, 76, 'managing team', '2022-09-16 06:31:32', '2022-09-16 06:31:32'),
(42, 77, 'FMCG sales', '2022-09-16 08:38:43', '2022-09-16 08:38:43'),
(43, 78, 'sales', '2022-09-16 10:06:55', '2022-09-16 10:06:55'),
(44, 79, 'accounts', '2022-09-17 07:46:16', '2022-09-17 07:46:16'),
(45, 80, 'NodeJS', '2022-09-17 09:18:19', '2022-09-17 09:18:19'),
(46, 81, 'test', '2022-09-20 17:04:24', '2022-09-20 17:04:24'),
(47, 82, 'test', '2022-09-21 16:10:47', '2022-09-21 16:10:47'),
(48, 83, 'test', '2022-09-21 16:15:40', '2022-09-21 16:15:40'),
(49, 84, 'web dev', '2022-09-22 07:03:45', '2022-09-22 07:03:45'),
(50, 85, 'test', '2022-09-22 16:18:53', '2022-09-22 16:18:53'),
(51, 86, 'test', '2022-09-22 16:22:36', '2022-09-22 16:22:36'),
(52, 87, 'dgkjfn', '2022-09-23 15:52:22', '2022-09-23 15:52:22'),
(53, 87, 'adksg', '2022-09-23 15:52:22', '2022-09-23 15:52:22'),
(54, 88, 'Test', '2022-09-24 06:26:35', '2022-09-24 06:26:35'),
(55, 89, 'test', '2022-09-26 01:18:04', '2022-09-26 01:18:04'),
(56, 90, 'SQL', '2022-09-26 16:33:38', '2022-09-26 16:33:38'),
(57, 91, 'sales', '2022-09-27 07:24:31', '2022-09-27 07:24:31'),
(58, 1, 'COMMUNICATION', '2022-09-27 07:42:55', '2022-09-27 07:42:55'),
(59, 2, 'COMMUNICATION', '2022-09-27 07:42:55', '2022-09-27 07:42:55'),
(60, 3, 'COMMUNICATION', '2022-09-27 07:42:55', '2022-09-27 07:42:55'),
(61, 4, 'COMMUNICATION', '2022-09-27 07:42:55', '2022-09-27 07:42:55'),
(62, 5, 'COMMUNICATION', '2022-09-27 07:42:55', '2022-09-27 07:42:55'),
(63, 6, 'COMMUNICATION', '2022-09-27 07:42:55', '2022-09-27 07:42:55'),
(64, 7, 'COMMUNICATION', '2022-09-27 07:42:55', '2022-09-27 07:42:55'),
(65, 8, 'COMMUNICATION', '2022-09-27 07:42:55', '2022-09-27 07:42:55'),
(66, 9, 'COMMUNICATION', '2022-09-27 07:42:55', '2022-09-27 07:42:55'),
(67, 10, 'COMMUNICATION', '2022-09-27 07:42:55', '2022-09-27 07:42:55'),
(68, 11, 'COMMUNICATION', '2022-09-27 07:42:55', '2022-09-27 07:42:55'),
(69, 12, 'COMMUNICATION', '2022-09-27 07:42:55', '2022-09-27 07:42:55'),
(70, 13, 'COMMUNICATION', '2022-09-27 07:42:55', '2022-09-27 07:42:55'),
(71, 14, 'COMMUNICATION', '2022-09-27 07:42:55', '2022-09-27 07:42:55'),
(72, 15, 'COMMUNICATION', '2022-09-27 07:42:55', '2022-09-27 07:42:55'),
(73, 16, 'COMMUNICATION', '2022-09-27 07:42:55', '2022-09-27 07:42:55'),
(74, 17, 'COMMUNICATION', '2022-09-27 07:42:55', '2022-09-27 07:42:55'),
(75, 18, 'COMMUNICATION', '2022-09-27 07:42:55', '2022-09-27 07:42:55'),
(76, 19, 'COMMUNICATION', '2022-09-27 07:42:55', '2022-09-27 07:42:55'),
(77, 20, 'COMMUNICATION', '2022-09-27 07:42:55', '2022-09-27 07:42:55'),
(78, 21, 'COMMUNICATION', '2022-09-27 07:42:55', '2022-09-27 07:42:55'),
(79, 22, 'COMMUNICATION', '2022-09-27 07:42:55', '2022-09-27 07:42:55'),
(80, 23, 'COMMUNICATION', '2022-09-27 07:42:55', '2022-09-27 07:42:55'),
(81, 24, 'COMMUNICATION', '2022-09-27 07:42:55', '2022-09-27 07:42:55'),
(82, 25, 'COMMUNICATION', '2022-09-27 07:42:55', '2022-09-27 07:42:55'),
(83, 26, 'COMMUNICATION', '2022-09-27 07:42:55', '2022-09-27 07:42:55'),
(84, 27, 'COMMUNICATION', '2022-09-27 07:42:55', '2022-09-27 07:42:55'),
(85, 28, 'COMMUNICATION', '2022-09-27 07:42:55', '2022-09-27 07:42:55'),
(86, 29, 'COMMUNICATION', '2022-09-27 07:42:55', '2022-09-27 07:42:55'),
(87, 30, 'COMMUNICATION', '2022-09-27 07:42:55', '2022-09-27 07:42:55'),
(88, 31, 'COMMUNICATION', '2022-09-27 07:42:55', '2022-09-27 07:42:55'),
(89, 32, 'COMMUNICATION', '2022-09-27 07:42:55', '2022-09-27 07:42:55'),
(90, 33, 'COMMUNICATION', '2022-09-27 07:42:55', '2022-09-27 07:42:55'),
(91, 34, 'COMMUNICATION', '2022-09-27 07:42:55', '2022-09-27 07:42:55'),
(92, 35, 'COMMUNICATION', '2022-09-27 07:42:55', '2022-09-27 07:42:55'),
(93, 36, 'COMMUNICATION', '2022-09-27 07:42:55', '2022-09-27 07:42:55'),
(94, 37, 'COMMUNICATION', '2022-09-27 07:42:55', '2022-09-27 07:42:55'),
(95, 38, 'COMMUNICATION', '2022-09-27 07:42:55', '2022-09-27 07:42:55'),
(96, 39, 'COMMUNICATION', '2022-09-27 07:42:56', '2022-09-27 07:42:56'),
(97, 40, 'COMMUNICATION', '2022-09-27 07:42:56', '2022-09-27 07:42:56'),
(98, 41, 'COMMUNICATION', '2022-09-27 07:42:56', '2022-09-27 07:42:56'),
(99, 42, 'COMMUNICATION', '2022-09-27 07:42:56', '2022-09-27 07:42:56'),
(100, 43, 'COMMUNICATION', '2022-09-27 07:42:56', '2022-09-27 07:42:56'),
(101, 92, 'BUSINESS DEVELOPMENT', '2022-09-27 08:13:26', '2022-09-27 08:13:26'),
(102, 93, 'sales', '2022-09-27 08:14:06', '2022-09-27 08:14:06'),
(103, 94, 'sales', '2022-09-27 08:28:46', '2022-09-27 08:28:46'),
(104, 95, 'BUSINESS DEVELOPMENT', '2022-09-27 08:37:12', '2022-09-27 08:37:12'),
(105, 96, 'customer service executive', '2022-09-27 08:57:51', '2022-09-27 08:57:51'),
(106, 97, 'sales', '2022-09-27 09:48:10', '2022-09-27 09:48:10'),
(107, 98, 'sales', '2022-09-27 09:57:52', '2022-09-27 09:57:52'),
(108, 99, 'BUSINESS DEVELOPMENT', '2022-09-27 11:27:19', '2022-09-27 11:27:19'),
(109, 100, 'test', '2022-09-27 14:43:43', '2022-09-27 14:43:43'),
(110, 101, 'sales', '2022-09-28 11:37:51', '2022-09-28 11:37:51'),
(111, 102, 'sales', '2022-09-28 11:44:07', '2022-09-28 11:44:07'),
(112, 103, 'sales', '2022-09-28 11:49:42', '2022-09-28 11:49:42'),
(113, 104, 'CUTOMER RELATION', '2022-09-29 04:59:18', '2022-09-29 04:59:18'),
(114, 105, 'INTERPERSONAL SKILLS', '2022-09-29 05:36:32', '2022-09-29 05:36:32'),
(115, 106, 'sales', '2022-09-30 05:12:01', '2022-09-30 05:12:01'),
(116, 107, 'flutter', '2022-10-05 06:04:04', '2022-10-05 06:04:04'),
(117, 107, 'expressjs', '2022-10-05 06:04:04', '2022-10-05 06:04:04'),
(118, 107, 'nodejs', '2022-10-05 06:04:04', '2022-10-05 06:04:04'),
(119, 107, 'mongodb', '2022-10-05 06:04:04', '2022-10-05 06:04:04'),
(120, 108, 'xvxcv', '2022-10-10 08:29:03', '2022-10-10 08:29:03'),
(121, 108, 'sdsds', '2022-10-10 08:29:03', '2022-10-10 08:29:03'),
(122, 109, 'EXCELLENT COMMNICATION', '2022-10-11 10:10:23', '2022-10-11 10:10:23'),
(123, 110, 'SALES', '2022-10-11 10:51:32', '2022-10-11 10:51:32'),
(124, 111, 'good com.', '2022-10-11 10:55:06', '2022-10-11 10:55:06'),
(125, 112, 'Adopting ability in any kind of environment', '2022-10-12 03:58:14', '2022-10-12 03:58:14'),
(126, 113, 'SALES', '2022-10-12 04:16:35', '2022-10-12 04:16:35'),
(127, 114, 'SALES', '2022-10-12 08:02:54', '2022-10-12 08:02:54'),
(128, 115, 'SALES', '2022-10-12 08:20:47', '2022-10-12 08:20:47'),
(129, 116, 'Good Comm', '2022-10-12 08:24:54', '2022-10-12 08:24:54'),
(130, 117, 'sales', '2022-10-12 10:00:12', '2022-10-12 10:00:12'),
(131, 118, 'GOOD COMM.', '2022-10-12 11:30:00', '2022-10-12 11:30:00'),
(132, 119, 'sales', '2022-10-12 11:51:04', '2022-10-12 11:51:04'),
(133, 120, 'Photoshop, Corel Draw', '2022-10-13 06:40:23', '2022-10-13 06:40:23'),
(134, 121, 'Good comm.', '2022-10-13 06:52:19', '2022-10-13 06:52:19'),
(135, 122, 'adobe illustrator', '2022-10-13 07:48:05', '2022-10-13 07:48:05'),
(136, 124, 'Canva Corel Draw Microsoft Word Microsoft Power Point', '2022-10-13 08:00:20', '2022-10-13 08:00:20'),
(137, 123, 'Canva Corel Draw Microsoft Word Microsoft Power Point', '2022-10-13 08:00:20', '2022-10-13 08:00:20'),
(138, 126, 'Adobe Illustrator', '2022-10-13 08:25:15', '2022-10-13 08:25:15'),
(139, 125, 'Adobe Illustrator', '2022-10-13 08:25:15', '2022-10-13 08:25:15'),
(140, 127, 'good comm.', '2022-10-13 10:14:43', '2022-10-13 10:14:43'),
(141, 128, 'comm. skill', '2022-10-31 11:41:48', '2022-10-31 11:41:48'),
(142, 129, 'HR', '2022-10-31 11:47:07', '2022-10-31 11:47:07'),
(143, 130, 'good comm', '2022-10-31 11:49:39', '2022-10-31 11:49:39'),
(144, 131, 'sales', '2022-10-31 11:55:48', '2022-10-31 11:55:48'),
(145, 132, 'Sales', '2022-10-31 11:57:26', '2022-10-31 11:57:26'),
(146, 133, 'Good Comm', '2022-10-31 12:00:47', '2022-10-31 12:00:47'),
(147, 134, 'GOOD COMM.', '2022-11-01 12:08:46', '2022-11-01 12:08:46'),
(148, 135, 'good comm.', '2022-11-02 08:02:08', '2022-11-02 08:02:08'),
(149, 136, 'good comm', '2022-11-02 08:15:01', '2022-11-02 08:15:01'),
(150, 137, 'SALES', '2022-11-02 10:03:32', '2022-11-02 10:03:32'),
(151, 138, 'Sales', '2022-11-02 10:37:03', '2022-11-02 10:37:03'),
(152, 139, 'HR', '2022-11-02 11:16:26', '2022-11-02 11:16:26'),
(153, 140, 'SALES', '2022-11-02 11:37:41', '2022-11-02 11:37:41'),
(154, 141, 'sales', '2022-11-03 10:20:15', '2022-11-03 10:20:15'),
(155, 142, 'sales', '2022-11-03 10:35:06', '2022-11-03 10:35:06'),
(156, 143, 'Sales', '2022-11-03 11:25:18', '2022-11-03 11:25:18'),
(157, 144, 'Sales', '2022-11-03 11:25:19', '2022-11-03 11:25:19'),
(158, 145, 'Sales', '2022-11-03 11:25:19', '2022-11-03 11:25:19'),
(159, 146, 'sales', '2022-11-04 06:40:37', '2022-11-04 06:40:37'),
(160, 147, 'hr', '2022-11-04 07:06:20', '2022-11-04 07:06:20'),
(161, 148, 'sales', '2022-11-04 07:21:43', '2022-11-04 07:21:43'),
(162, 149, 'sales', '2022-11-04 07:21:43', '2022-11-04 07:21:43'),
(163, 150, 'sales', '2022-11-04 07:21:43', '2022-11-04 07:21:43'),
(164, 151, 'good comm', '2022-11-04 08:21:22', '2022-11-04 08:21:22'),
(165, 152, 'good comm', '2022-11-04 08:35:44', '2022-11-04 08:35:44'),
(166, 153, 'GOOD COMM.', '2022-11-04 08:56:43', '2022-11-04 08:56:43'),
(167, 154, 'SALES', '2022-11-04 12:51:17', '2022-11-04 12:51:17'),
(168, 155, 'hr', '2022-11-06 09:59:04', '2022-11-06 09:59:04'),
(169, 156, 'hr', '2022-11-07 07:17:32', '2022-11-07 07:17:32'),
(170, 157, 'sales', '2022-11-07 07:59:56', '2022-11-07 07:59:56'),
(171, 158, 'hr', '2022-11-07 09:52:14', '2022-11-07 09:52:14'),
(172, 159, 'hr', '2022-11-07 09:52:14', '2022-11-07 09:52:14'),
(173, 160, 'JCL', '2022-11-07 09:55:07', '2022-11-07 09:55:07'),
(174, 160, 'DB2', '2022-11-07 09:55:07', '2022-11-07 09:55:07'),
(175, 160, 'CICS', '2022-11-07 09:55:07', '2022-11-07 09:55:07'),
(176, 160, 'COBOL', '2022-11-07 09:55:07', '2022-11-07 09:55:07'),
(177, 161, 'JCL', '2022-11-07 10:01:01', '2022-11-07 10:01:01'),
(178, 162, 'JCL', '2022-11-07 10:04:10', '2022-11-07 10:04:10'),
(179, 162, 'DB2', '2022-11-07 10:04:10', '2022-11-07 10:04:10'),
(180, 162, 'VSAM', '2022-11-07 10:04:10', '2022-11-07 10:04:10'),
(181, 163, 'VSAM', '2022-11-07 10:04:10', '2022-11-07 10:04:10'),
(182, 163, 'DB2', '2022-11-07 10:04:10', '2022-11-07 10:04:10'),
(183, 163, 'JCL', '2022-11-07 10:04:10', '2022-11-07 10:04:10'),
(184, 164, 'DB2', '2022-11-07 10:04:10', '2022-11-07 10:04:10'),
(185, 164, 'JCL', '2022-11-07 10:04:10', '2022-11-07 10:04:10'),
(186, 164, 'VSAM', '2022-11-07 10:04:10', '2022-11-07 10:04:10'),
(187, 165, 'JCL', '2022-11-07 10:09:44', '2022-11-07 10:09:44'),
(188, 165, 'VSAM', '2022-11-07 10:09:44', '2022-11-07 10:09:44'),
(189, 165, 'DB2', '2022-11-07 10:09:44', '2022-11-07 10:09:44'),
(190, 166, 'HR', '2022-11-07 10:11:23', '2022-11-07 10:11:23'),
(191, 167, 'good comm', '2022-11-07 10:20:35', '2022-11-07 10:20:35'),
(192, 168, 'coboll', '2022-11-07 10:59:26', '2022-11-07 10:59:26'),
(193, 169, 'good comm', '2022-11-07 11:24:21', '2022-11-07 11:24:21'),
(194, 170, 'sales', '2022-11-07 11:35:15', '2022-11-07 11:35:15'),
(195, 171, 'good comm', '2022-11-07 12:18:24', '2022-11-07 12:18:24'),
(196, 172, 'MAINFRAME TESTER', '2022-11-07 12:41:11', '2022-11-07 12:41:11'),
(197, 173, 'JCL', '2022-11-07 12:47:53', '2022-11-07 12:47:53'),
(198, 173, 'DB2', '2022-11-07 12:47:53', '2022-11-07 12:47:53'),
(199, 173, 'VSAM', '2022-11-07 12:47:53', '2022-11-07 12:47:53'),
(200, 174, 'Sql', '2022-11-07 12:52:23', '2022-11-07 12:52:23'),
(201, 175, 'mainframes tester', '2022-11-07 12:54:40', '2022-11-07 12:54:40'),
(202, 176, 'mainframe Developer', '2022-11-07 12:56:21', '2022-11-07 12:56:21'),
(203, 177, 'mainframe developer', '2022-11-07 12:58:35', '2022-11-07 12:58:35'),
(204, 178, 'mainframes developer', '2022-11-07 13:01:26', '2022-11-07 13:01:26'),
(205, 179, 'mainframes developer', '2022-11-07 13:01:26', '2022-11-07 13:01:26'),
(206, 180, 'html', '2022-11-07 13:30:15', '2022-11-07 13:30:15'),
(207, 180, 'css', '2022-11-07 13:30:15', '2022-11-07 13:30:15'),
(208, 180, 'Javascript', '2022-11-07 13:30:15', '2022-11-07 13:30:15'),
(209, 180, 'adobe photoshop', '2022-11-07 13:30:15', '2022-11-07 13:30:15'),
(210, 181, 'PRODUCT PACKAGING DESIGN LOGO  VECTOR DESIGN UI DESIGN BANNER PRESENTATION', '2022-11-07 13:41:31', '2022-11-07 13:41:31'),
(211, 182, 'PRODUCT PACKAGING DESIGN LOGO  VECTOR DESIGN UI DESIGN BANNER PRESENTATION', '2022-11-07 13:41:31', '2022-11-07 13:41:31'),
(212, 183, 'Full Stack', '2022-11-08 06:04:22', '2022-11-08 06:04:22'),
(213, 184, 'cobol', '2022-11-08 06:38:48', '2022-11-08 06:38:48'),
(214, 185, 'cobol', '2022-11-08 06:38:48', '2022-11-08 06:38:48'),
(215, 186, 'cobol', '2022-11-08 06:38:48', '2022-11-08 06:38:48'),
(216, 187, 'good comm', '2022-11-08 07:09:59', '2022-11-08 07:09:59'),
(217, 188, 'good comm', '2022-11-08 07:09:59', '2022-11-08 07:09:59'),
(218, 189, 'good comm', '2022-11-08 07:10:00', '2022-11-08 07:10:00'),
(219, 190, 'good communication', '2022-11-08 07:11:42', '2022-11-08 07:11:42'),
(220, 191, 'good communication', '2022-11-08 07:11:42', '2022-11-08 07:11:42'),
(221, 192, 'Communication', '2022-11-08 07:20:14', '2022-11-08 07:20:14'),
(222, 193, 'communiation', '2022-11-08 07:24:27', '2022-11-08 07:24:27'),
(223, 194, 'communication', '2022-11-08 07:27:23', '2022-11-08 07:27:23'),
(224, 195, 'spring mvc', '2022-11-08 07:44:27', '2022-11-08 07:44:27'),
(225, 196, 'Java 8', '2022-11-08 08:44:28', '2022-11-08 08:44:28'),
(226, 196, 'mysql', '2022-11-08 08:44:28', '2022-11-08 08:44:28'),
(227, 196, 'spring5', '2022-11-08 08:44:28', '2022-11-08 08:44:28'),
(228, 196, 'angular', '2022-11-08 08:44:28', '2022-11-08 08:44:28'),
(229, 197, 'spring5', '2022-11-08 08:44:28', '2022-11-08 08:44:28'),
(230, 197, 'mysql', '2022-11-08 08:44:28', '2022-11-08 08:44:28'),
(231, 197, 'angular', '2022-11-08 08:44:28', '2022-11-08 08:44:28'),
(232, 197, 'Java 8', '2022-11-08 08:44:28', '2022-11-08 08:44:28'),
(233, 198, 'VSAM', '2022-11-08 09:07:04', '2022-11-08 09:07:04'),
(234, 198, 'DB2', '2022-11-08 09:07:04', '2022-11-08 09:07:04'),
(235, 199, 'good comm', '2022-11-08 09:35:23', '2022-11-08 09:35:23'),
(236, 200, 'communication', '2022-11-08 10:42:13', '2022-11-08 10:42:13'),
(237, 201, 'communication', '2022-11-08 10:48:57', '2022-11-08 10:48:57'),
(238, 202, 'communication', '2022-11-08 10:55:33', '2022-11-08 10:55:33'),
(239, 203, 'sales', '2022-11-08 11:08:08', '2022-11-08 11:08:08'),
(240, 204, 'sales', '2022-11-08 11:24:55', '2022-11-08 11:24:55'),
(241, 205, 'IMSDB', '2022-11-08 12:59:39', '2022-11-08 12:59:39'),
(242, 206, 'Springboot', '2022-11-09 06:21:03', '2022-11-09 06:21:03'),
(243, 207, '(3)SQL', '2022-11-09 06:53:55', '2022-11-09 06:53:55');

-- --------------------------------------------------------

--
-- Table structure for table `status_changes`
--

DROP TABLE IF EXISTS `status_changes`;
CREATE TABLE IF NOT EXISTS `status_changes` (
  `id` bigint(20) UNSIGNED NOT NULL AUTO_INCREMENT,
  `userId` int(10) UNSIGNED NOT NULL,
  `candidateId` int(10) UNSIGNED NOT NULL,
  `prvStatus` varchar(255) NOT NULL DEFAULT 'APPLIED',
  `newStatus` varchar(255) NOT NULL DEFAULT 'APPLIED',
  `createdAt` datetime NOT NULL,
  `updatedAt` datetime NOT NULL,
  PRIMARY KEY (`id`)
) ENGINE=InnoDB AUTO_INCREMENT=427 DEFAULT CHARSET=utf8mb3;

--
-- Dumping data for table `status_changes`
--

INSERT INTO `status_changes` (`id`, `userId`, `candidateId`, `prvStatus`, `newStatus`, `createdAt`, `updatedAt`) VALUES
(8, 3, 2, 'APPLIED', 'FEEDBACK', '2022-09-05 05:10:02', '2022-09-05 05:10:02'),
(9, 3, 2, 'FEEDBACK', 'INTERVIEW', '2022-09-05 05:10:05', '2022-09-05 05:10:05'),
(10, 3, 2, 'INTERVIEW', 'OFFER', '2022-09-05 05:10:08', '2022-09-05 05:10:08'),
(11, 4, 51, 'INTERVIEW', 'OFFER', '2022-09-08 11:22:13', '2022-09-08 11:22:13'),
(12, 4, 52, 'INTERVIEW', 'OFFER', '2022-09-08 11:22:18', '2022-09-08 11:22:18'),
(13, 4, 50, 'INTERVIEW', 'OFFER', '2022-09-08 11:22:20', '2022-09-08 11:22:20'),
(14, 4, 50, 'OFFER', 'OFFER', '2022-09-08 11:22:23', '2022-09-08 11:22:23'),
(15, 4, 50, 'OFFER', 'OFFER', '2022-09-08 11:22:25', '2022-09-08 11:22:25'),
(21, 10, 26, 'APPLIED', 'FEEDBACK', '2022-09-13 06:18:00', '2022-09-13 06:18:00'),
(22, 10, 26, 'FEEDBACK', 'OFFER', '2022-09-13 06:18:48', '2022-09-13 06:18:48'),
(23, 10, 26, 'OFFER', 'INTERVIEW', '2022-09-13 06:18:54', '2022-09-13 06:18:54'),
(24, 10, 27, 'APPLIED', 'FEEDBACK', '2022-09-15 07:10:41', '2022-09-15 07:10:41'),
(25, 10, 27, 'FEEDBACK', 'DISQUALIFIED', '2022-09-15 07:10:47', '2022-09-15 07:10:47'),
(26, 4, 62, 'APPLIED', 'OFFER', '2022-09-15 07:57:50', '2022-09-15 07:57:50'),
(27, 4, 62, 'OFFER', 'DISQUALIFIED', '2022-09-15 07:57:55', '2022-09-15 07:57:55'),
(28, 4, 63, 'APPLIED', 'OFFER', '2022-09-15 07:58:09', '2022-09-15 07:58:09'),
(29, 4, 63, 'OFFER', 'DISQUALIFIED', '2022-09-15 07:58:14', '2022-09-15 07:58:14'),
(30, 4, 65, 'APPLIED', 'APPLIED', '2022-09-15 08:02:48', '2022-09-15 08:02:48'),
(31, 4, 65, 'APPLIED', 'FEEDBACK', '2022-09-15 08:04:00', '2022-09-15 08:04:00'),
(32, 4, 65, 'FEEDBACK', 'INTERVIEW', '2022-09-15 08:09:08', '2022-09-15 08:09:08'),
(33, 4, 26, 'INTERVIEW', 'OFFER', '2022-09-15 08:09:35', '2022-09-15 08:09:35'),
(34, 4, 26, 'OFFER', 'DISQUALIFIED', '2022-09-15 08:09:48', '2022-09-15 08:09:48'),
(35, 4, 59, 'INTERVIEW', 'DISQUALIFIED', '2022-09-15 08:10:03', '2022-09-15 08:10:03'),
(36, 4, 65, 'INTERVIEW', 'OFFER', '2022-09-15 08:11:04', '2022-09-15 08:11:04'),
(37, 4, 65, 'OFFER', 'INTERVIEW', '2022-09-15 08:11:18', '2022-09-15 08:11:18'),
(38, 4, 66, 'APPLIED', 'APPLIED', '2022-09-15 10:01:32', '2022-09-15 10:01:32'),
(39, 4, 67, 'APPLIED', 'APPLIED', '2022-09-15 10:25:14', '2022-09-15 10:25:14'),
(40, 4, 68, 'APPLIED', 'APPLIED', '2022-09-15 11:30:25', '2022-09-15 11:30:25'),
(41, 4, 69, 'APPLIED', 'APPLIED', '2022-09-15 11:34:51', '2022-09-15 11:34:51'),
(42, 4, 53, 'APPLIED', 'DISQUALIFIED', '2022-09-15 11:58:11', '2022-09-15 11:58:11'),
(43, 17, 70, 'APPLIED', 'APPLIED', '2022-09-16 01:18:19', '2022-09-16 01:18:19'),
(44, 17, 70, 'APPLIED', 'FEEDBACK', '2022-09-16 01:18:47', '2022-09-16 01:18:47'),
(45, 10, 71, 'APPLIED', 'APPLIED', '2022-09-16 01:32:07', '2022-09-16 01:32:07'),
(46, 10, 71, 'APPLIED', 'FEEDBACK', '2022-09-16 01:32:57', '2022-09-16 01:32:57'),
(47, 4, 55, 'APPLIED', 'DISQUALIFIED', '2022-09-16 04:40:43', '2022-09-16 04:40:43'),
(48, 4, 55, 'DISQUALIFIED', 'DISQUALIFIED', '2022-09-16 04:40:48', '2022-09-16 04:40:48'),
(49, 4, 55, 'DISQUALIFIED', 'DISQUALIFIED', '2022-09-16 04:40:53', '2022-09-16 04:40:53'),
(50, 4, 55, 'DISQUALIFIED', 'DISQUALIFIED', '2022-09-16 04:41:09', '2022-09-16 04:41:09'),
(51, 4, 55, 'DISQUALIFIED', 'DISQUALIFIED', '2022-09-16 04:41:14', '2022-09-16 04:41:14'),
(52, 4, 72, 'APPLIED', 'APPLIED', '2022-09-16 04:45:50', '2022-09-16 04:45:50'),
(53, 4, 73, 'APPLIED', 'APPLIED', '2022-09-16 04:51:48', '2022-09-16 04:51:48'),
(54, 4, 72, 'APPLIED', 'INTERVIEW', '2022-09-16 04:52:40', '2022-09-16 04:52:40'),
(55, 4, 73, 'APPLIED', 'OFFER', '2022-09-16 04:52:44', '2022-09-16 04:52:44'),
(56, 4, 52, 'OFFER', 'DISQUALIFIED', '2022-09-16 04:52:47', '2022-09-16 04:52:47'),
(57, 4, 52, 'DISQUALIFIED', 'DISQUALIFIED', '2022-09-16 04:52:50', '2022-09-16 04:52:50'),
(58, 4, 52, 'DISQUALIFIED', 'DISQUALIFIED', '2022-09-16 04:53:00', '2022-09-16 04:53:00'),
(59, 4, 52, 'DISQUALIFIED', 'DISQUALIFIED', '2022-09-16 04:53:05', '2022-09-16 04:53:05'),
(60, 4, 54, 'APPLIED', 'OFFER', '2022-09-16 04:53:08', '2022-09-16 04:53:08'),
(61, 4, 74, 'APPLIED', 'APPLIED', '2022-09-16 05:13:40', '2022-09-16 05:13:40'),
(62, 4, 69, 'APPLIED', 'INTERVIEW', '2022-09-16 05:14:54', '2022-09-16 05:14:54'),
(63, 4, 67, 'APPLIED', 'INTERVIEW', '2022-09-16 05:15:08', '2022-09-16 05:15:08'),
(64, 4, 68, 'APPLIED', 'DISQUALIFIED', '2022-09-16 05:15:17', '2022-09-16 05:15:17'),
(65, 4, 66, 'APPLIED', 'INTERVIEW', '2022-09-16 05:15:41', '2022-09-16 05:15:41'),
(66, 4, 75, 'APPLIED', 'APPLIED', '2022-09-16 06:20:00', '2022-09-16 06:20:00'),
(67, 4, 76, 'APPLIED', 'APPLIED', '2022-09-16 06:31:32', '2022-09-16 06:31:32'),
(68, 4, 76, 'APPLIED', 'INTERVIEW', '2022-09-16 06:34:31', '2022-09-16 06:34:31'),
(69, 4, 75, 'APPLIED', 'INTERVIEW', '2022-09-16 06:34:38', '2022-09-16 06:34:38'),
(70, 4, 42, 'APPLIED', 'INTERVIEW', '2022-09-16 06:50:16', '2022-09-16 06:50:16'),
(71, 4, 77, 'APPLIED', 'APPLIED', '2022-09-16 08:38:43', '2022-09-16 08:38:43'),
(72, 4, 78, 'APPLIED', 'APPLIED', '2022-09-16 10:06:55', '2022-09-16 10:06:55'),
(73, 3, 2, 'OFFER', 'APPLIED', '2022-09-16 10:17:50', '2022-09-16 10:17:50'),
(74, 3, 2, 'APPLIED', 'FEEDBACK', '2022-09-16 10:27:02', '2022-09-16 10:27:02'),
(75, 3, 2, 'FEEDBACK', 'INTERVIEW', '2022-09-16 10:27:06', '2022-09-16 10:27:06'),
(76, 3, 2, 'INTERVIEW', 'FEEDBACK', '2022-09-16 10:28:13', '2022-09-16 10:28:13'),
(77, 3, 2, 'FEEDBACK', 'OFFER', '2022-09-16 10:30:16', '2022-09-16 10:30:16'),
(78, 4, 79, 'APPLIED', 'APPLIED', '2022-09-17 07:46:16', '2022-09-17 07:46:16'),
(84, 4, 73, 'OFFER', 'DISQUALIFIED', '2022-09-20 07:04:12', '2022-09-20 07:04:12'),
(85, 4, 54, 'OFFER', 'DISQUALIFIED', '2022-09-20 07:04:15', '2022-09-20 07:04:15'),
(86, 4, 50, 'OFFER', 'DISQUALIFIED', '2022-09-20 07:04:18', '2022-09-20 07:04:18'),
(87, 4, 50, 'DISQUALIFIED', 'DISQUALIFIED', '2022-09-20 07:04:24', '2022-09-20 07:04:24'),
(88, 27, 81, 'APPLIED', 'APPLIED', '2022-09-20 17:04:24', '2022-09-20 17:04:24'),
(89, 10, 62, 'DISQUALIFIED', 'INTERVIEW', '2022-09-20 17:23:45', '2022-09-20 17:23:45'),
(90, 10, 62, 'INTERVIEW', 'DISQUALIFIED', '2022-09-20 17:24:12', '2022-09-20 17:24:12'),
(91, 10, 78, 'APPLIED', 'INTERVIEW', '2022-09-20 17:24:19', '2022-09-20 17:24:19'),
(92, 10, 78, 'INTERVIEW', 'APPLIED', '2022-09-20 17:24:27', '2022-09-20 17:24:27'),
(93, 10, 8, 'INTERVIEW', 'APPLIED', '2022-09-20 17:24:33', '2022-09-20 17:24:33'),
(94, 10, 8, 'APPLIED', 'INTERVIEW', '2022-09-20 17:24:44', '2022-09-20 17:24:44'),
(95, 26, 82, 'APPLIED', 'APPLIED', '2022-09-21 16:10:47', '2022-09-21 16:10:47'),
(96, 26, 83, 'APPLIED', 'APPLIED', '2022-09-21 16:15:40', '2022-09-21 16:15:40'),
(97, 30, 84, 'APPLIED', 'APPLIED', '2022-09-22 07:03:45', '2022-09-22 07:03:45'),
(106, 29, 85, 'APPLIED', 'APPLIED', '2022-09-22 16:18:53', '2022-09-22 16:18:53'),
(107, 29, 86, 'APPLIED', 'APPLIED', '2022-09-22 16:22:36', '2022-09-22 16:22:36'),
(108, 29, 86, 'APPLIED', 'INTERVIEW', '2022-09-22 16:50:46', '2022-09-22 16:50:46'),
(109, 29, 86, 'INTERVIEW', 'APPLIED', '2022-09-22 16:51:07', '2022-09-22 16:51:07'),
(110, 29, 86, 'APPLIED', 'FEEDBACK', '2022-09-22 16:51:09', '2022-09-22 16:51:09'),
(111, 4, 87, 'APPLIED', 'APPLIED', '2022-09-23 15:52:22', '2022-09-23 15:52:22'),
(112, 27, 81, 'APPLIED', 'INTERVIEW', '2022-09-23 15:57:51', '2022-09-23 15:57:51'),
(113, 34, 88, 'APPLIED', 'APPLIED', '2022-09-24 06:26:35', '2022-09-24 06:26:35'),
(114, 34, 88, 'APPLIED', 'FEEDBACK', '2022-09-24 06:28:50', '2022-09-24 06:28:50'),
(115, 34, 88, 'FEEDBACK', 'INTERVIEW', '2022-09-24 06:28:54', '2022-09-24 06:28:54'),
(116, 3, 2, 'OFFER', 'FEEDBACK', '2022-09-24 07:55:38', '2022-09-24 07:55:38'),
(117, 3, 2, 'FEEDBACK', 'APPLIED', '2022-09-24 07:55:39', '2022-09-24 07:55:39'),
(118, 3, 2, 'APPLIED', 'FEEDBACK', '2022-09-24 07:58:38', '2022-09-24 07:58:38'),
(119, 3, 2, 'FEEDBACK', 'INTERVIEW', '2022-09-24 07:58:43', '2022-09-24 07:58:43'),
(120, 3, 2, 'INTERVIEW', 'OFFER', '2022-09-24 07:58:56', '2022-09-24 07:58:56'),
(121, 3, 2, 'OFFER', 'DISQUALIFIED', '2022-09-24 07:59:01', '2022-09-24 07:59:01'),
(122, 3, 2, 'DISQUALIFIED', 'HIRED', '2022-09-24 07:59:03', '2022-09-24 07:59:03'),
(123, 3, 2, 'HIRED', 'OFFER', '2022-09-24 07:59:09', '2022-09-24 07:59:09'),
(124, 29, 89, 'APPLIED', 'APPLIED', '2022-09-26 01:18:04', '2022-09-26 01:18:04'),
(125, 29, 89, 'APPLIED', 'FEEDBACK', '2022-09-26 01:18:49', '2022-09-26 01:18:49'),
(126, 29, 89, 'FEEDBACK', 'INTERVIEW', '2022-09-26 01:19:18', '2022-09-26 01:19:18'),
(127, 29, 89, 'INTERVIEW', 'OFFER', '2022-09-26 01:19:41', '2022-09-26 01:19:41'),
(128, 29, 89, 'OFFER', 'DISQUALIFIED', '2022-09-26 01:20:04', '2022-09-26 01:20:04'),
(129, 29, 89, 'DISQUALIFIED', 'HIRED', '2022-09-26 01:20:26', '2022-09-26 01:20:26'),
(130, 29, 89, 'HIRED', 'DISQUALIFIED', '2022-09-26 01:22:24', '2022-09-26 01:22:24'),
(132, 4, 79, 'APPLIED', 'FEEDBACK', '2022-09-27 06:16:04', '2022-09-27 06:16:04'),
(133, 4, 72, 'INTERVIEW', 'DISQUALIFIED', '2022-09-27 06:47:05', '2022-09-27 06:47:05'),
(134, 4, 21, 'INTERVIEW', 'DISQUALIFIED', '2022-09-27 06:47:08', '2022-09-27 06:47:08'),
(135, 4, 16, 'FEEDBACK', 'DISQUALIFIED', '2022-09-27 06:47:09', '2022-09-27 06:47:09'),
(136, 4, 16, 'DISQUALIFIED', 'DISQUALIFIED', '2022-09-27 06:47:24', '2022-09-27 06:47:24'),
(137, 4, 16, 'DISQUALIFIED', 'DISQUALIFIED', '2022-09-27 06:58:58', '2022-09-27 06:58:58'),
(138, 4, 91, 'APPLIED', 'APPLIED', '2022-09-27 07:24:31', '2022-09-27 07:24:31'),
(139, 4, 91, 'APPLIED', 'INTERVIEW', '2022-09-27 07:25:26', '2022-09-27 07:25:26'),
(140, 4, 79, 'FEEDBACK', 'INTERVIEW', '2022-09-27 07:25:33', '2022-09-27 07:25:33'),
(141, 4, 74, 'APPLIED', 'DISQUALIFIED', '2022-09-27 07:26:03', '2022-09-27 07:26:03'),
(142, 4, 77, 'APPLIED', 'INTERVIEW', '2022-09-27 08:02:24', '2022-09-27 08:02:24'),
(143, 4, 92, 'APPLIED', 'APPLIED', '2022-09-27 08:13:26', '2022-09-27 08:13:26'),
(144, 4, 93, 'APPLIED', 'APPLIED', '2022-09-27 08:14:06', '2022-09-27 08:14:06'),
(145, 4, 94, 'APPLIED', 'APPLIED', '2022-09-27 08:28:46', '2022-09-27 08:28:46'),
(146, 4, 92, 'APPLIED', 'INTERVIEW', '2022-09-27 08:35:27', '2022-09-27 08:35:27'),
(147, 4, 95, 'APPLIED', 'APPLIED', '2022-09-27 08:37:12', '2022-09-27 08:37:12'),
(148, 4, 90, 'APPLIED', 'FEEDBACK', '2022-09-27 08:48:33', '2022-09-27 08:48:33'),
(149, 4, 96, 'APPLIED', 'APPLIED', '2022-09-27 08:57:51', '2022-09-27 08:57:51'),
(150, 4, 96, 'APPLIED', 'INTERVIEW', '2022-09-27 09:00:31', '2022-09-27 09:00:31'),
(151, 4, 95, 'APPLIED', 'INTERVIEW', '2022-09-27 09:00:34', '2022-09-27 09:00:34'),
(152, 4, 19, 'DISQUALIFIED', 'APPLIED', '2022-09-27 09:09:27', '2022-09-27 09:09:27'),
(153, 4, 19, 'APPLIED', 'FEEDBACK', '2022-09-27 09:09:37', '2022-09-27 09:09:37'),
(154, 4, 19, 'FEEDBACK', 'DISQUALIFIED', '2022-09-27 09:10:44', '2022-09-27 09:10:44'),
(155, 4, 97, 'APPLIED', 'APPLIED', '2022-09-27 09:48:10', '2022-09-27 09:48:10'),
(156, 4, 98, 'APPLIED', 'APPLIED', '2022-09-27 09:57:52', '2022-09-27 09:57:52'),
(157, 4, 99, 'APPLIED', 'APPLIED', '2022-09-27 11:27:19', '2022-09-27 11:27:19'),
(158, 4, 99, 'APPLIED', 'INTERVIEW', '2022-09-27 11:38:10', '2022-09-27 11:38:10'),
(159, 4, 95, 'INTERVIEW', 'DISQUALIFIED', '2022-09-27 11:38:33', '2022-09-27 11:38:33'),
(160, 29, 86, 'FEEDBACK', 'INTERVIEW', '2022-09-27 14:35:31', '2022-09-27 14:35:31'),
(161, 29, 86, 'INTERVIEW', 'FEEDBACK', '2022-09-27 14:35:38', '2022-09-27 14:35:38'),
(162, 29, 86, 'FEEDBACK', 'INTERVIEW', '2022-09-27 14:35:43', '2022-09-27 14:35:43'),
(163, 29, 100, 'APPLIED', 'APPLIED', '2022-09-27 14:43:43', '2022-09-27 14:43:43'),
(164, 10, 79, 'INTERVIEW', 'DISQUALIFIED', '2022-09-28 05:23:28', '2022-09-28 05:23:28'),
(165, 4, 90, 'FEEDBACK', 'DISQUALIFIED', '2022-09-28 06:53:24', '2022-09-28 06:53:24'),
(166, 4, 56, 'APPLIED', 'DISQUALIFIED', '2022-09-28 06:53:27', '2022-09-28 06:53:27'),
(167, 4, 57, 'APPLIED', 'DISQUALIFIED', '2022-09-28 06:53:29', '2022-09-28 06:53:29'),
(168, 4, 99, 'INTERVIEW', 'DISQUALIFIED', '2022-09-28 09:50:01', '2022-09-28 09:50:01'),
(169, 4, 99, 'DISQUALIFIED', 'DISQUALIFIED', '2022-09-28 09:54:33', '2022-09-28 09:54:33'),
(170, 4, 94, 'APPLIED', 'INTERVIEW', '2022-09-28 11:32:00', '2022-09-28 11:32:00'),
(171, 4, 78, 'APPLIED', 'INTERVIEW', '2022-09-28 11:32:05', '2022-09-28 11:32:05'),
(172, 4, 78, 'INTERVIEW', 'INTERVIEW', '2022-09-28 11:32:12', '2022-09-28 11:32:12'),
(173, 4, 78, 'INTERVIEW', 'INTERVIEW', '2022-09-28 11:32:19', '2022-09-28 11:32:19'),
(174, 4, 78, 'INTERVIEW', 'INTERVIEW', '2022-09-28 11:32:23', '2022-09-28 11:32:23'),
(175, 4, 101, 'APPLIED', 'APPLIED', '2022-09-28 11:37:51', '2022-09-28 11:37:51'),
(176, 4, 102, 'APPLIED', 'APPLIED', '2022-09-28 11:44:07', '2022-09-28 11:44:07'),
(177, 4, 103, 'APPLIED', 'APPLIED', '2022-09-28 11:49:42', '2022-09-28 11:49:42'),
(178, 4, 104, 'APPLIED', 'APPLIED', '2022-09-29 04:59:18', '2022-09-29 04:59:18'),
(179, 4, 104, 'APPLIED', 'INTERVIEW', '2022-09-29 05:00:02', '2022-09-29 05:00:02'),
(180, 4, 105, 'APPLIED', 'APPLIED', '2022-09-29 05:36:32', '2022-09-29 05:36:32'),
(181, 4, 105, 'APPLIED', 'INTERVIEW', '2022-09-29 05:38:01', '2022-09-29 05:38:01'),
(182, 4, 102, 'APPLIED', 'OFFER', '2022-09-29 06:34:40', '2022-09-29 06:34:40'),
(183, 4, 93, 'APPLIED', 'OFFER', '2022-09-29 06:34:47', '2022-09-29 06:34:47'),
(184, 4, 102, 'OFFER', 'DISQUALIFIED', '2022-09-29 06:35:06', '2022-09-29 06:35:06'),
(185, 4, 102, 'DISQUALIFIED', 'DISQUALIFIED', '2022-09-29 06:35:07', '2022-09-29 06:35:07'),
(186, 4, 12, 'INTERVIEW', 'DISQUALIFIED', '2022-09-29 06:36:46', '2022-09-29 06:36:46'),
(187, 4, 42, 'INTERVIEW', 'DISQUALIFIED', '2022-09-29 06:36:58', '2022-09-29 06:36:58'),
(188, 4, 77, 'INTERVIEW', 'OFFER', '2022-09-29 06:37:05', '2022-09-29 06:37:05'),
(189, 4, 69, 'INTERVIEW', 'DISQUALIFIED', '2022-09-29 06:37:16', '2022-09-29 06:37:16'),
(190, 4, 69, 'DISQUALIFIED', 'DISQUALIFIED', '2022-09-29 06:37:18', '2022-09-29 06:37:18'),
(191, 4, 69, 'DISQUALIFIED', 'DISQUALIFIED', '2022-09-29 06:37:21', '2022-09-29 06:37:21'),
(192, 4, 67, 'INTERVIEW', 'HIRED', '2022-09-29 06:37:43', '2022-09-29 06:37:43'),
(193, 4, 65, 'INTERVIEW', 'OFFER', '2022-09-29 06:37:51', '2022-09-29 06:37:51'),
(194, 4, 69, 'DISQUALIFIED', 'DISQUALIFIED', '2022-09-29 06:37:54', '2022-09-29 06:37:54'),
(195, 4, 69, 'DISQUALIFIED', 'DISQUALIFIED', '2022-09-29 06:37:56', '2022-09-29 06:37:56'),
(196, 4, 69, 'DISQUALIFIED', 'DISQUALIFIED', '2022-09-29 06:38:06', '2022-09-29 06:38:06'),
(197, 4, 69, 'DISQUALIFIED', 'DISQUALIFIED', '2022-09-29 06:38:10', '2022-09-29 06:38:10'),
(198, 4, 69, 'DISQUALIFIED', 'DISQUALIFIED', '2022-09-29 06:38:28', '2022-09-29 06:38:28'),
(199, 4, 69, 'DISQUALIFIED', 'DISQUALIFIED', '2022-09-29 06:38:41', '2022-09-29 06:38:41'),
(200, 4, 92, 'INTERVIEW', 'OFFER', '2022-09-30 04:49:57', '2022-09-30 04:49:57'),
(201, 4, 51, 'OFFER', 'DISQUALIFIED', '2022-09-30 04:50:03', '2022-09-30 04:50:03'),
(202, 4, 106, 'APPLIED', 'APPLIED', '2022-09-30 05:12:01', '2022-09-30 05:12:01'),
(203, 4, 106, 'APPLIED', 'INTERVIEW', '2022-09-30 05:31:06', '2022-09-30 05:31:06'),
(204, 4, 91, 'INTERVIEW', 'DISQUALIFIED', '2022-09-30 09:10:43', '2022-09-30 09:10:43'),
(205, 4, 105, 'INTERVIEW', 'OFFER', '2022-09-30 09:15:07', '2022-09-30 09:15:07'),
(206, 4, 96, 'INTERVIEW', 'DISQUALIFIED', '2022-09-30 09:25:19', '2022-09-30 09:25:19'),
(207, 4, 103, 'APPLIED', 'INTERVIEW', '2022-10-03 06:36:52', '2022-10-03 06:36:52'),
(208, 4, 101, 'APPLIED', 'FEEDBACK', '2022-10-03 06:36:56', '2022-10-03 06:36:56'),
(209, 4, 101, 'FEEDBACK', 'INTERVIEW', '2022-10-03 06:37:02', '2022-10-03 06:37:02'),
(210, 4, 97, 'APPLIED', 'INTERVIEW', '2022-10-03 06:37:07', '2022-10-03 06:37:07'),
(211, 3, 2, 'OFFER', 'FEEDBACK', '2022-10-04 06:42:53', '2022-10-04 06:42:53'),
(212, 3, 2, 'FEEDBACK', 'APPLIED', '2022-10-04 06:42:55', '2022-10-04 06:42:55'),
(213, 4, 98, 'APPLIED', 'INTERVIEW', '2022-10-04 08:38:46', '2022-10-04 08:38:46'),
(214, 4, 98, 'INTERVIEW', 'OFFER', '2022-10-04 08:38:48', '2022-10-04 08:38:48'),
(215, 4, 98, 'OFFER', 'DISQUALIFIED', '2022-10-04 08:38:50', '2022-10-04 08:38:50'),
(216, 35, 107, 'APPLIED', 'APPLIED', '2022-10-05 06:04:04', '2022-10-05 06:04:04'),
(217, 35, 107, 'APPLIED', 'FEEDBACK', '2022-10-05 06:09:15', '2022-10-05 06:09:15'),
(218, 35, 107, 'FEEDBACK', 'INTERVIEW', '2022-10-05 06:09:17', '2022-10-05 06:09:17'),
(219, 35, 107, 'INTERVIEW', 'OFFER', '2022-10-05 06:09:19', '2022-10-05 06:09:19'),
(220, 35, 107, 'OFFER', 'FEEDBACK', '2022-10-05 06:09:28', '2022-10-05 06:09:28'),
(221, 35, 107, 'FEEDBACK', 'INTERVIEW', '2022-10-05 06:13:22', '2022-10-05 06:13:22'),
(222, 35, 107, 'INTERVIEW', 'FEEDBACK', '2022-10-05 06:26:00', '2022-10-05 06:26:00'),
(223, 35, 107, 'FEEDBACK', 'INTERVIEW', '2022-10-05 06:26:37', '2022-10-05 06:26:37'),
(224, 4, 92, 'OFFER', 'DISQUALIFIED', '2022-10-06 12:19:48', '2022-10-06 12:19:48'),
(225, 4, 105, 'OFFER', 'DISQUALIFIED', '2022-10-06 12:19:52', '2022-10-06 12:19:52'),
(226, 4, 106, 'INTERVIEW', 'DISQUALIFIED', '2022-10-06 12:19:53', '2022-10-06 12:19:53'),
(227, 4, 104, 'INTERVIEW', 'DISQUALIFIED', '2022-10-06 12:19:55', '2022-10-06 12:19:55'),
(232, 41, 108, 'APPLIED', 'APPLIED', '2022-10-10 08:29:03', '2022-10-10 08:29:03'),
(239, 20, 109, 'APPLIED', 'APPLIED', '2022-10-11 10:10:23', '2022-10-11 10:10:23'),
(240, 20, 110, 'APPLIED', 'APPLIED', '2022-10-11 10:51:32', '2022-10-11 10:51:32'),
(241, 20, 111, 'APPLIED', 'APPLIED', '2022-10-11 10:55:06', '2022-10-11 10:55:06'),
(242, 20, 112, 'APPLIED', 'APPLIED', '2022-10-12 03:58:14', '2022-10-12 03:58:14'),
(243, 20, 113, 'APPLIED', 'APPLIED', '2022-10-12 04:16:35', '2022-10-12 04:16:35'),
(244, 20, 114, 'APPLIED', 'APPLIED', '2022-10-12 08:02:54', '2022-10-12 08:02:54'),
(245, 20, 115, 'APPLIED', 'APPLIED', '2022-10-12 08:20:47', '2022-10-12 08:20:47'),
(246, 20, 116, 'APPLIED', 'APPLIED', '2022-10-12 08:24:54', '2022-10-12 08:24:54'),
(247, 20, 117, 'APPLIED', 'APPLIED', '2022-10-12 10:00:12', '2022-10-12 10:00:12'),
(248, 20, 118, 'APPLIED', 'APPLIED', '2022-10-12 11:30:00', '2022-10-12 11:30:00'),
(249, 20, 119, 'APPLIED', 'APPLIED', '2022-10-12 11:51:04', '2022-10-12 11:51:04'),
(250, 29, 86, 'INTERVIEW', 'FEEDBACK', '2022-10-12 12:50:25', '2022-10-12 12:50:25'),
(251, 29, 86, 'FEEDBACK', 'INTERVIEW', '2022-10-12 12:50:31', '2022-10-12 12:50:31'),
(252, 29, 86, 'INTERVIEW', 'OFFER', '2022-10-12 12:50:33', '2022-10-12 12:50:33'),
(253, 29, 107, 'INTERVIEW', 'APPLIED', '2022-10-12 12:50:35', '2022-10-12 12:50:35'),
(254, 20, 120, 'APPLIED', 'APPLIED', '2022-10-13 06:40:23', '2022-10-13 06:40:23'),
(255, 20, 121, 'APPLIED', 'APPLIED', '2022-10-13 06:52:19', '2022-10-13 06:52:19'),
(256, 20, 122, 'APPLIED', 'APPLIED', '2022-10-13 07:48:05', '2022-10-13 07:48:05'),
(257, 20, 123, 'APPLIED', 'APPLIED', '2022-10-13 08:00:20', '2022-10-13 08:00:20'),
(258, 20, 124, 'APPLIED', 'APPLIED', '2022-10-13 08:00:20', '2022-10-13 08:00:20'),
(259, 20, 126, 'APPLIED', 'APPLIED', '2022-10-13 08:25:15', '2022-10-13 08:25:15'),
(260, 20, 125, 'APPLIED', 'APPLIED', '2022-10-13 08:25:15', '2022-10-13 08:25:15'),
(261, 20, 127, 'APPLIED', 'APPLIED', '2022-10-13 10:14:43', '2022-10-13 10:14:43'),
(262, 4, 109, 'APPLIED', 'FEEDBACK', '2022-10-13 11:14:19', '2022-10-13 11:14:19'),
(263, 4, 110, 'APPLIED', 'INTERVIEW', '2022-10-13 11:28:33', '2022-10-13 11:28:33'),
(264, 4, 112, 'APPLIED', 'DISQUALIFIED', '2022-10-13 12:53:29', '2022-10-13 12:53:29'),
(265, 4, 115, 'APPLIED', 'INTERVIEW', '2022-10-13 12:57:01', '2022-10-13 12:57:01'),
(266, 4, 127, 'APPLIED', 'DISQUALIFIED', '2022-10-13 13:13:46', '2022-10-13 13:13:46'),
(267, 4, 111, 'APPLIED', 'FEEDBACK', '2022-10-13 13:43:18', '2022-10-13 13:43:18'),
(268, 20, 115, 'INTERVIEW', 'DISQUALIFIED', '2022-10-15 07:27:53', '2022-10-15 07:27:53'),
(269, 4, 121, 'APPLIED', 'DISQUALIFIED', '2022-10-28 05:35:32', '2022-10-28 05:35:32'),
(270, 4, 119, 'APPLIED', 'DISQUALIFIED', '2022-10-28 05:36:07', '2022-10-28 05:36:07'),
(271, 4, 118, 'APPLIED', 'DISQUALIFIED', '2022-10-28 05:36:29', '2022-10-28 05:36:29'),
(272, 20, 128, 'APPLIED', 'APPLIED', '2022-10-31 11:41:48', '2022-10-31 11:41:48'),
(273, 20, 129, 'APPLIED', 'APPLIED', '2022-10-31 11:47:07', '2022-10-31 11:47:07'),
(274, 20, 130, 'APPLIED', 'APPLIED', '2022-10-31 11:49:39', '2022-10-31 11:49:39'),
(275, 20, 131, 'APPLIED', 'APPLIED', '2022-10-31 11:55:48', '2022-10-31 11:55:48'),
(276, 4, 117, 'APPLIED', 'DISQUALIFIED', '2022-10-31 11:56:31', '2022-10-31 11:56:31'),
(277, 4, 116, 'APPLIED', 'DISQUALIFIED', '2022-10-31 11:56:34', '2022-10-31 11:56:34'),
(278, 4, 114, 'APPLIED', 'DISQUALIFIED', '2022-10-31 11:56:36', '2022-10-31 11:56:36'),
(279, 4, 113, 'APPLIED', 'DISQUALIFIED', '2022-10-31 11:56:40', '2022-10-31 11:56:40'),
(280, 20, 132, 'APPLIED', 'APPLIED', '2022-10-31 11:57:26', '2022-10-31 11:57:26'),
(281, 20, 133, 'APPLIED', 'APPLIED', '2022-10-31 12:00:47', '2022-10-31 12:00:47'),
(282, 4, 128, 'APPLIED', 'FEEDBACK', '2022-11-01 07:11:55', '2022-11-01 07:11:55'),
(283, 4, 129, 'APPLIED', 'FEEDBACK', '2022-11-01 07:13:43', '2022-11-01 07:13:43'),
(284, 4, 130, 'APPLIED', 'FEEDBACK', '2022-11-01 07:57:22', '2022-11-01 07:57:22'),
(285, 4, 131, 'APPLIED', 'INTERVIEW', '2022-11-01 08:21:02', '2022-11-01 08:21:02'),
(286, 34, 88, 'INTERVIEW', 'FEEDBACK', '2022-11-01 11:40:14', '2022-11-01 11:40:14'),
(287, 34, 88, 'FEEDBACK', 'INTERVIEW', '2022-11-01 11:40:17', '2022-11-01 11:40:17'),
(288, 34, 88, 'INTERVIEW', 'OFFER', '2022-11-01 11:41:43', '2022-11-01 11:41:43'),
(289, 4, 133, 'APPLIED', 'INTERVIEW', '2022-11-01 11:42:15', '2022-11-01 11:42:15'),
(290, 20, 110, 'INTERVIEW', 'OFFER', '2022-11-01 11:56:00', '2022-11-01 11:56:00'),
(291, 20, 110, 'OFFER', 'INTERVIEW', '2022-11-01 11:56:15', '2022-11-01 11:56:15'),
(292, 20, 134, 'APPLIED', 'APPLIED', '2022-11-01 12:08:46', '2022-11-01 12:08:46'),
(293, 20, 135, 'APPLIED', 'APPLIED', '2022-11-02 08:02:08', '2022-11-02 08:02:08'),
(294, 20, 136, 'APPLIED', 'APPLIED', '2022-11-02 08:15:01', '2022-11-02 08:15:01'),
(295, 20, 137, 'APPLIED', 'APPLIED', '2022-11-02 10:03:32', '2022-11-02 10:03:32'),
(296, 20, 138, 'APPLIED', 'APPLIED', '2022-11-02 10:37:02', '2022-11-02 10:37:02'),
(297, 20, 139, 'APPLIED', 'APPLIED', '2022-11-02 11:16:26', '2022-11-02 11:16:26'),
(298, 20, 140, 'APPLIED', 'APPLIED', '2022-11-02 11:37:41', '2022-11-02 11:37:41'),
(299, 4, 110, 'INTERVIEW', 'DISQUALIFIED', '2022-11-02 11:38:09', '2022-11-02 11:38:09'),
(300, 4, 134, 'APPLIED', 'INTERVIEW', '2022-11-02 11:38:13', '2022-11-02 11:38:13'),
(301, 4, 111, 'FEEDBACK', 'OFFER', '2022-11-02 11:48:51', '2022-11-02 11:48:51'),
(302, 4, 111, 'OFFER', 'DISQUALIFIED', '2022-11-02 11:48:59', '2022-11-02 11:48:59'),
(303, 4, 128, 'FEEDBACK', 'OFFER', '2022-11-02 11:49:01', '2022-11-02 11:49:01'),
(304, 4, 128, 'OFFER', 'DISQUALIFIED', '2022-11-02 11:49:15', '2022-11-02 11:49:15'),
(305, 4, 130, 'FEEDBACK', 'INTERVIEW', '2022-11-02 12:04:10', '2022-11-02 12:04:10'),
(306, 4, 129, 'FEEDBACK', 'DISQUALIFIED', '2022-11-03 05:18:46', '2022-11-03 05:18:46'),
(307, 4, 139, 'APPLIED', 'DISQUALIFIED', '2022-11-03 06:06:24', '2022-11-03 06:06:24'),
(308, 4, 134, 'INTERVIEW', 'DISQUALIFIED', '2022-11-03 06:48:43', '2022-11-03 06:48:43'),
(309, 4, 138, 'APPLIED', 'INTERVIEW', '2022-11-03 07:18:17', '2022-11-03 07:18:17'),
(310, 20, 141, 'APPLIED', 'APPLIED', '2022-11-03 10:20:15', '2022-11-03 10:20:15'),
(311, 20, 142, 'APPLIED', 'APPLIED', '2022-11-03 10:35:06', '2022-11-03 10:35:06'),
(312, 20, 143, 'APPLIED', 'APPLIED', '2022-11-03 11:25:18', '2022-11-03 11:25:18'),
(313, 20, 144, 'APPLIED', 'APPLIED', '2022-11-03 11:25:19', '2022-11-03 11:25:19'),
(314, 20, 145, 'APPLIED', 'APPLIED', '2022-11-03 11:25:19', '2022-11-03 11:25:19'),
(315, 4, 137, 'APPLIED', 'INTERVIEW', '2022-11-04 06:28:11', '2022-11-04 06:28:11'),
(316, 4, 136, 'APPLIED', 'INTERVIEW', '2022-11-04 06:28:15', '2022-11-04 06:28:15'),
(317, 4, 145, 'APPLIED', 'INTERVIEW', '2022-11-04 06:28:19', '2022-11-04 06:28:19'),
(318, 4, 140, 'APPLIED', 'INTERVIEW', '2022-11-04 06:28:23', '2022-11-04 06:28:23'),
(319, 4, 109, 'FEEDBACK', 'DISQUALIFIED', '2022-11-04 06:28:33', '2022-11-04 06:28:33'),
(320, 20, 146, 'APPLIED', 'APPLIED', '2022-11-04 06:40:37', '2022-11-04 06:40:37'),
(321, 20, 147, 'APPLIED', 'APPLIED', '2022-11-04 07:06:20', '2022-11-04 07:06:20'),
(322, 20, 148, 'APPLIED', 'APPLIED', '2022-11-04 07:21:43', '2022-11-04 07:21:43'),
(323, 20, 149, 'APPLIED', 'APPLIED', '2022-11-04 07:21:43', '2022-11-04 07:21:43'),
(324, 20, 150, 'APPLIED', 'APPLIED', '2022-11-04 07:21:43', '2022-11-04 07:21:43'),
(325, 4, 150, 'APPLIED', 'DISQUALIFIED', '2022-11-04 08:03:14', '2022-11-04 08:03:14'),
(326, 4, 146, 'APPLIED', 'FEEDBACK', '2022-11-04 08:03:44', '2022-11-04 08:03:44'),
(327, 20, 151, 'APPLIED', 'APPLIED', '2022-11-04 08:21:22', '2022-11-04 08:21:22'),
(328, 20, 152, 'APPLIED', 'APPLIED', '2022-11-04 08:35:44', '2022-11-04 08:35:44'),
(329, 3, 2, 'APPLIED', 'FEEDBACK', '2022-11-04 08:40:58', '2022-11-04 08:40:58'),
(330, 3, 2, 'FEEDBACK', 'INTERVIEW', '2022-11-04 08:41:04', '2022-11-04 08:41:04'),
(331, 3, 2, 'INTERVIEW', 'FEEDBACK', '2022-11-04 08:41:07', '2022-11-04 08:41:07'),
(332, 3, 2, 'FEEDBACK', 'INTERVIEW', '2022-11-04 08:41:12', '2022-11-04 08:41:12'),
(333, 20, 153, 'APPLIED', 'APPLIED', '2022-11-04 08:56:43', '2022-11-04 08:56:43'),
(334, 3, 2, 'INTERVIEW', 'APPLIED', '2022-11-04 11:10:24', '2022-11-04 11:10:24'),
(335, 3, 2, 'APPLIED', 'FEEDBACK', '2022-11-04 11:16:18', '2022-11-04 11:16:18'),
(336, 3, 2, 'FEEDBACK', 'INTERVIEW', '2022-11-04 11:16:37', '2022-11-04 11:16:37'),
(337, 3, 2, 'INTERVIEW', 'OFFER', '2022-11-04 11:16:40', '2022-11-04 11:16:40'),
(338, 3, 2, 'OFFER', 'HIRED', '2022-11-04 11:16:47', '2022-11-04 11:16:47'),
(339, 3, 2, 'HIRED', 'OFFER', '2022-11-04 11:17:00', '2022-11-04 11:17:00'),
(340, 3, 2, 'OFFER', 'INTERVIEW', '2022-11-04 11:17:05', '2022-11-04 11:17:05'),
(341, 4, 151, 'APPLIED', 'DISQUALIFIED', '2022-11-04 11:24:53', '2022-11-04 11:24:53'),
(342, 33, 153, 'APPLIED', 'FEEDBACK', '2022-11-04 11:39:30', '2022-11-04 11:39:30'),
(343, 4, 153, 'FEEDBACK', 'DISQUALIFIED', '2022-11-04 11:48:33', '2022-11-04 11:48:33'),
(344, 4, 135, 'APPLIED', 'DISQUALIFIED', '2022-11-04 11:53:57', '2022-11-04 11:53:57'),
(345, 20, 154, 'APPLIED', 'APPLIED', '2022-11-04 12:51:17', '2022-11-04 12:51:17'),
(346, 20, 155, 'APPLIED', 'APPLIED', '2022-11-06 09:59:04', '2022-11-06 09:59:04'),
(347, 3, 2, 'INTERVIEW', 'APPLIED', '2022-11-07 05:09:50', '2022-11-07 05:09:50'),
(348, 3, 2, 'APPLIED', 'FEEDBACK', '2022-11-07 05:11:22', '2022-11-07 05:11:22'),
(349, 3, 2, 'FEEDBACK', 'INTERVIEW', '2022-11-07 05:11:25', '2022-11-07 05:11:25'),
(350, 3, 2, 'INTERVIEW', 'DISQUALIFIED', '2022-11-07 05:11:28', '2022-11-07 05:11:28'),
(351, 3, 2, 'DISQUALIFIED', 'INTERVIEW', '2022-11-07 05:11:58', '2022-11-07 05:11:58'),
(352, 4, 137, 'INTERVIEW', 'DISQUALIFIED', '2022-11-07 07:08:28', '2022-11-07 07:08:28'),
(353, 4, 136, 'INTERVIEW', 'DISQUALIFIED', '2022-11-07 07:08:31', '2022-11-07 07:08:31'),
(354, 4, 130, 'INTERVIEW', 'DISQUALIFIED', '2022-11-07 07:08:34', '2022-11-07 07:08:34'),
(355, 4, 133, 'INTERVIEW', 'DISQUALIFIED', '2022-11-07 07:08:37', '2022-11-07 07:08:37'),
(356, 4, 146, 'FEEDBACK', 'DISQUALIFIED', '2022-11-07 07:08:46', '2022-11-07 07:08:46'),
(357, 20, 156, 'APPLIED', 'APPLIED', '2022-11-07 07:17:32', '2022-11-07 07:17:32'),
(358, 20, 154, 'APPLIED', 'INTERVIEW', '2022-11-07 07:18:35', '2022-11-07 07:18:35'),
(359, 20, 154, 'INTERVIEW', 'DISQUALIFIED', '2022-11-07 07:18:52', '2022-11-07 07:18:52'),
(360, 20, 140, 'INTERVIEW', 'DISQUALIFIED', '2022-11-07 07:18:55', '2022-11-07 07:18:55'),
(361, 20, 131, 'INTERVIEW', 'DISQUALIFIED', '2022-11-07 07:19:01', '2022-11-07 07:19:01'),
(362, 20, 138, 'INTERVIEW', 'DISQUALIFIED', '2022-11-07 07:19:03', '2022-11-07 07:19:03'),
(363, 3, 2, 'INTERVIEW', 'APPLIED', '2022-11-07 07:35:24', '2022-11-07 07:35:24'),
(364, 3, 2, 'APPLIED', 'INTERVIEW', '2022-11-07 07:46:31', '2022-11-07 07:46:31'),
(365, 3, 2, 'INTERVIEW', 'FEEDBACK', '2022-11-07 07:46:43', '2022-11-07 07:46:43'),
(366, 20, 157, 'APPLIED', 'APPLIED', '2022-11-07 07:59:56', '2022-11-07 07:59:56'),
(367, 20, 158, 'APPLIED', 'APPLIED', '2022-11-07 09:52:14', '2022-11-07 09:52:14'),
(368, 20, 159, 'APPLIED', 'APPLIED', '2022-11-07 09:52:14', '2022-11-07 09:52:14'),
(369, 49, 160, 'APPLIED', 'APPLIED', '2022-11-07 09:55:07', '2022-11-07 09:55:07'),
(370, 49, 161, 'APPLIED', 'APPLIED', '2022-11-07 10:01:01', '2022-11-07 10:01:01'),
(371, 49, 162, 'APPLIED', 'APPLIED', '2022-11-07 10:04:10', '2022-11-07 10:04:10'),
(372, 49, 163, 'APPLIED', 'APPLIED', '2022-11-07 10:04:10', '2022-11-07 10:04:10'),
(373, 49, 164, 'APPLIED', 'APPLIED', '2022-11-07 10:04:10', '2022-11-07 10:04:10'),
(374, 49, 165, 'APPLIED', 'APPLIED', '2022-11-07 10:09:44', '2022-11-07 10:09:44'),
(375, 20, 166, 'APPLIED', 'APPLIED', '2022-11-07 10:11:23', '2022-11-07 10:11:23'),
(376, 20, 167, 'APPLIED', 'APPLIED', '2022-11-07 10:20:35', '2022-11-07 10:20:35'),
(377, 48, 168, 'APPLIED', 'APPLIED', '2022-11-07 10:59:26', '2022-11-07 10:59:26'),
(378, 20, 169, 'APPLIED', 'APPLIED', '2022-11-07 11:24:21', '2022-11-07 11:24:21'),
(379, 20, 170, 'APPLIED', 'APPLIED', '2022-11-07 11:35:15', '2022-11-07 11:35:15'),
(380, 20, 171, 'APPLIED', 'APPLIED', '2022-11-07 12:18:24', '2022-11-07 12:18:24'),
(381, 47, 172, 'APPLIED', 'APPLIED', '2022-11-07 12:41:11', '2022-11-07 12:41:11'),
(382, 49, 173, 'APPLIED', 'APPLIED', '2022-11-07 12:47:53', '2022-11-07 12:47:53'),
(383, 47, 174, 'APPLIED', 'APPLIED', '2022-11-07 12:52:23', '2022-11-07 12:52:23'),
(384, 47, 175, 'APPLIED', 'APPLIED', '2022-11-07 12:54:40', '2022-11-07 12:54:40'),
(385, 47, 176, 'APPLIED', 'APPLIED', '2022-11-07 12:56:21', '2022-11-07 12:56:21'),
(386, 47, 177, 'APPLIED', 'APPLIED', '2022-11-07 12:58:35', '2022-11-07 12:58:35'),
(387, 47, 178, 'APPLIED', 'APPLIED', '2022-11-07 13:01:26', '2022-11-07 13:01:26'),
(388, 47, 179, 'APPLIED', 'APPLIED', '2022-11-07 13:01:26', '2022-11-07 13:01:26'),
(389, 20, 180, 'APPLIED', 'APPLIED', '2022-11-07 13:30:15', '2022-11-07 13:30:15'),
(390, 20, 181, 'APPLIED', 'APPLIED', '2022-11-07 13:41:31', '2022-11-07 13:41:31'),
(391, 20, 182, 'APPLIED', 'APPLIED', '2022-11-07 13:41:31', '2022-11-07 13:41:31'),
(392, 28, 183, 'APPLIED', 'APPLIED', '2022-11-08 06:04:22', '2022-11-08 06:04:22'),
(393, 48, 184, 'APPLIED', 'APPLIED', '2022-11-08 06:38:48', '2022-11-08 06:38:48'),
(394, 48, 185, 'APPLIED', 'APPLIED', '2022-11-08 06:38:48', '2022-11-08 06:38:48'),
(395, 48, 186, 'APPLIED', 'APPLIED', '2022-11-08 06:38:48', '2022-11-08 06:38:48'),
(396, 20, 187, 'APPLIED', 'APPLIED', '2022-11-08 07:09:59', '2022-11-08 07:09:59'),
(397, 20, 188, 'APPLIED', 'APPLIED', '2022-11-08 07:09:59', '2022-11-08 07:09:59'),
(398, 20, 189, 'APPLIED', 'APPLIED', '2022-11-08 07:10:00', '2022-11-08 07:10:00'),
(399, 45, 190, 'APPLIED', 'APPLIED', '2022-11-08 07:11:42', '2022-11-08 07:11:42'),
(400, 45, 191, 'APPLIED', 'APPLIED', '2022-11-08 07:11:42', '2022-11-08 07:11:42'),
(401, 45, 192, 'APPLIED', 'APPLIED', '2022-11-08 07:20:14', '2022-11-08 07:20:14'),
(402, 45, 193, 'APPLIED', 'APPLIED', '2022-11-08 07:24:27', '2022-11-08 07:24:27'),
(403, 45, 194, 'APPLIED', 'APPLIED', '2022-11-08 07:27:23', '2022-11-08 07:27:23'),
(404, 20, 195, 'APPLIED', 'APPLIED', '2022-11-08 07:44:27', '2022-11-08 07:44:27'),
(405, 49, 196, 'APPLIED', 'APPLIED', '2022-11-08 08:44:28', '2022-11-08 08:44:28'),
(406, 49, 197, 'APPLIED', 'APPLIED', '2022-11-08 08:44:28', '2022-11-08 08:44:28'),
(407, 49, 198, 'APPLIED', 'APPLIED', '2022-11-08 09:07:04', '2022-11-08 09:07:04'),
(408, 20, 199, 'APPLIED', 'APPLIED', '2022-11-08 09:35:23', '2022-11-08 09:35:23'),
(409, 45, 200, 'APPLIED', 'APPLIED', '2022-11-08 10:42:13', '2022-11-08 10:42:13'),
(410, 45, 201, 'APPLIED', 'APPLIED', '2022-11-08 10:48:57', '2022-11-08 10:48:57'),
(411, 45, 202, 'APPLIED', 'APPLIED', '2022-11-08 10:55:33', '2022-11-08 10:55:33'),
(412, 20, 203, 'APPLIED', 'APPLIED', '2022-11-08 11:08:08', '2022-11-08 11:08:08'),
(413, 20, 204, 'APPLIED', 'APPLIED', '2022-11-08 11:24:55', '2022-11-08 11:24:55'),
(414, 4, 181, 'APPLIED', 'FEEDBACK', '2022-11-08 12:52:24', '2022-11-08 12:52:24'),
(415, 48, 205, 'APPLIED', 'APPLIED', '2022-11-08 12:59:39', '2022-11-08 12:59:39'),
(416, 4, 152, 'APPLIED', 'DISQUALIFIED', '2022-11-09 05:33:28', '2022-11-09 05:33:28'),
(417, 4, 167, 'APPLIED', 'DISQUALIFIED', '2022-11-09 05:38:24', '2022-11-09 05:38:24'),
(418, 4, 158, 'APPLIED', 'DISQUALIFIED', '2022-11-09 05:39:58', '2022-11-09 05:39:58'),
(419, 4, 159, 'APPLIED', 'DISQUALIFIED', '2022-11-09 05:42:57', '2022-11-09 05:42:57'),
(420, 4, 171, 'APPLIED', 'INTERVIEW', '2022-11-09 05:45:56', '2022-11-09 05:45:56'),
(421, 4, 171, 'INTERVIEW', 'FEEDBACK', '2022-11-09 06:10:47', '2022-11-09 06:10:47'),
(422, 4, 199, 'APPLIED', 'DISQUALIFIED', '2022-11-09 06:11:16', '2022-11-09 06:11:16'),
(423, 48, 206, 'APPLIED', 'APPLIED', '2022-11-09 06:21:03', '2022-11-09 06:21:03'),
(424, 20, 207, 'APPLIED', 'APPLIED', '2022-11-09 06:53:55', '2022-11-09 06:53:55'),
(425, 46, 174, 'APPLIED', 'INTERVIEW', '2022-11-09 07:00:42', '2022-11-09 07:00:42'),
(426, 4, 166, 'APPLIED', 'DISQUALIFIED', '2022-11-09 07:29:21', '2022-11-09 07:29:21');

-- --------------------------------------------------------

--
-- Table structure for table `tags`
--

DROP TABLE IF EXISTS `tags`;
CREATE TABLE IF NOT EXISTS `tags` (
  `id` bigint(20) UNSIGNED NOT NULL AUTO_INCREMENT,
  `positionId` int(10) UNSIGNED NOT NULL,
  `name` varchar(255) NOT NULL,
  `createdAt` datetime NOT NULL,
  `updatedAt` datetime NOT NULL,
  PRIMARY KEY (`id`)
) ENGINE=InnoDB AUTO_INCREMENT=13 DEFAULT CHARSET=latin1;

--
-- Dumping data for table `tags`
--

INSERT INTO `tags` (`id`, `positionId`, `name`, `createdAt`, `updatedAt`) VALUES
(1, 1, 'test', '2022-08-17 01:49:20', '2022-08-17 01:49:20'),
(2, 2, 'test', '2022-08-17 01:49:20', '2022-08-17 01:49:20'),
(3, 6, 'Java', '2022-08-18 08:43:25', '2022-08-18 08:43:25'),
(4, 8, 'uf', '2022-08-19 06:00:02', '2022-08-19 06:00:02'),
(5, 10, 'test', '2022-08-21 09:11:03', '2022-08-21 09:11:03'),
(6, 15, 'test', '2022-08-30 15:26:29', '2022-08-30 15:26:29'),
(7, 15, 'graph', '2022-08-30 15:26:29', '2022-08-30 15:26:29'),
(8, 21, 'php', '2022-09-22 07:01:32', '2022-09-22 07:01:32'),
(9, 20, 'php', '2022-09-22 07:01:32', '2022-09-22 07:01:32'),
(10, 23, 'NodeJS', '2022-10-06 05:59:18', '2022-10-06 05:59:18'),
(11, 23, 'Flutter', '2022-10-06 05:59:18', '2022-10-06 05:59:18'),
(12, 23, 'Work from Office', '2022-10-06 05:59:18', '2022-10-06 05:59:18');

-- --------------------------------------------------------

--
-- Table structure for table `users`
--

DROP TABLE IF EXISTS `users`;
CREATE TABLE IF NOT EXISTS `users` (
  `id` int(10) UNSIGNED NOT NULL AUTO_INCREMENT,
  `first_name` varchar(255) NOT NULL,
  `last_name` varchar(255) NOT NULL,
  `email` varchar(255) NOT NULL,
  `password` varchar(255) NOT NULL,
  `gender` enum('MALE','FEMALE','OTHERS') DEFAULT 'MALE',
  `phone_no` double UNSIGNED DEFAULT NULL,
  `city` varchar(255) DEFAULT NULL,
  `country` varchar(255) DEFAULT NULL,
  `img` varchar(255) DEFAULT NULL,
  `company` varchar(255) DEFAULT NULL,
  `position` varchar(255) DEFAULT NULL,
  `isAdmin` tinyint(1) NOT NULL DEFAULT 0,
  `isVendor` tinyint(1) NOT NULL DEFAULT 0,
  `isVendorApplied` tinyint(1) NOT NULL DEFAULT 0,
  `isVendorApproved` tinyint(1) NOT NULL DEFAULT 0,
  `createdAt` datetime NOT NULL,
  `updatedAt` datetime NOT NULL,
  PRIMARY KEY (`id`),
  UNIQUE KEY `email` (`email`)
) ENGINE=InnoDB AUTO_INCREMENT=56 DEFAULT CHARSET=latin1;

--
-- Dumping data for table `users`
--

INSERT INTO `users` (`id`, `first_name`, `last_name`, `email`, `password`, `gender`, `phone_no`, `city`, `country`, `img`, `company`, `position`, `isAdmin`, `isVendor`, `isVendorApplied`, `isVendorApproved`, `createdAt`, `updatedAt`) VALUES
(1, 'admin', 'user', 'admin@gmail.com', '7137b7cb63443031b844872c5564844d9fdbc9a825ae4d6ac6fe261b66fdc999', 'MALE', NULL, NULL, NULL, NULL, NULL, NULL, 1, 0, 0, 0, '2022-08-17 01:47:23', '2022-08-17 01:47:23'),
(3, 'Support', 'Litehires', 'support@litehires.com', 'f1f711992404afd23ea14bc0bf8f8fa90b10fbdabf03a46ead87f6d9189aa2fa', 'MALE', 8630877206, NULL, NULL, NULL, 'Litehires', NULL, 0, 0, 0, 0, '2022-08-17 06:45:46', '2022-08-17 06:45:46'),
(4, 'ZUBALA', 'MARIUM', 'hr@haldivita.com', 'a1c292b45522016992e6b9dcc73b5d883ddf5090a0f0b4e887d7ac3818087d0a', 'FEMALE', 9311696895, NULL, NULL, NULL, 'FARMORIGIN AGROSCIENCE PVT LTD', NULL, 0, 0, 0, 0, '2022-08-17 12:26:46', '2022-10-29 04:40:27'),
(5, 'Prakhar', 'Singh', '2000prakharsingh@gmail.com', '7137b7cb63443031b844872c5564844d9fdbc9a825ae4d6ac6fe261b66fdc999', 'MALE', 9717188393, NULL, NULL, NULL, 'my Comp', NULL, 0, 0, 0, 0, '2022-08-18 10:49:45', '2022-08-18 10:49:45'),
(6, 'Prakhar', 'Singh', 'howtoprakhar@gmail.com', '2893a50ec0818355a6dfd99026691fb544c25bdb103cbfd5d1ac30f01409e5ab', 'MALE', 8076762818, NULL, NULL, NULL, 'Jiffy', NULL, 0, 0, 0, 0, '2022-08-19 00:32:09', '2022-08-19 00:32:09'),
(7, 'Apoorv', 'Verma', 'vermasunny224@gmail.com', '8a31273ad30b56d107ae8ace8a8f53f1', 'MALE', 7217497919, 'Muradnagar', 'India', 'img-1660885657897-280488851.jpeg', 'Litehires', 'Angular Developer', 0, 0, 0, 0, '2022-08-19 04:04:22', '2022-08-30 15:23:46'),
(9, 'Akarsh', 'Gupta', 'akarshgupta16@gmail.com', 'f1f711992404afd23ea14bc0bf8f8fa90b10fbdabf03a46ead87f6d9189aa2fa', 'MALE', 9990080575, NULL, NULL, NULL, 'RB Stone Products pvt ltd', NULL, 0, 0, 0, 0, '2022-08-19 21:35:39', '2022-08-19 21:35:39'),
(10, 'Ankit', 'Khanduri', 'ankit@haldivita.com', '20882b2f4ef72a447dad3113080790c1b52f0717b6513c578388678920e6ccf1', 'MALE', 8630877206, NULL, NULL, NULL, 'Haldivita', NULL, 0, 0, 0, 0, '2022-08-20 07:37:40', '2022-08-20 07:37:40'),
(12, 'Sneha ', 'Bhoomanagoudar ', 'hr@rockfacetechnologies.in', 'bf95bea18efd6b3d5176c02126157a9b4400dfd0581cdb0925be9dcd1f7e3929', 'MALE', 9739321395, NULL, NULL, NULL, 'Rockface Technologies Pvt. Ltd', NULL, 0, 0, 0, 0, '2022-08-24 07:49:39', '2022-08-24 07:49:39'),
(13, 'sunny', 'verm', 'sunny.verma81201@gmail.com', '5e18fcef1110f45ef01c247404ca97228fe29f0da2f7e82a99cfdee0e2a3c197', 'MALE', 7217497919, NULL, NULL, NULL, 'Google', NULL, 0, 0, 0, 0, '2022-08-24 12:12:17', '2022-08-24 12:12:17'),
(15, 'Tushar', 'Sharma', '2305tushar@gmail.com', '94f2a2328df43e3b52b12df7d3584d00a3de6a3b474b46dd81ca5209a476ab5c', 'MALE', 8178522972, NULL, NULL, NULL, 'litehires', NULL, 0, 0, 0, 0, '2022-08-28 10:04:49', '2022-08-28 10:04:49'),
(16, 'Test', 'Vendor', 'tester@gmail.com', '31b04b0b8353ffb49f6c8df4aab90f8ed8f4eb89cf36a9c46648b3572088589d', 'MALE', 8630877206, NULL, NULL, NULL, 'Test', NULL, 0, 1, 1, 0, '2022-08-28 15:11:18', '2022-09-22 17:00:49'),
(17, 'Test', 'client', 'testerclient@gmail.com', '31b04b0b8353ffb49f6c8df4aab90f8ed8f4eb89cf36a9c46648b3572088589d', 'MALE', 8630877206, NULL, NULL, NULL, 'Test', NULL, 0, 0, 0, 0, '2022-08-28 16:51:56', '2022-08-28 16:51:56'),
(18, 'apoo', 'verm', 'verma@gmail.com', 'd5f948cface3a41da68bcc8fd0becd63a7b56648ca0a1bab96410e9f78e2114b', 'MALE', 7217999999, NULL, NULL, NULL, 'test', NULL, 0, 1, 0, 0, '2022-08-30 15:24:59', '2022-08-30 15:24:59'),
(19, 'Jaidev', 'Sharma', 'info.jdeeconsulting@gmail.com', '4056213ec5b060978134672d7f04b0c9e92b303d00b2619bf02a3f6fe041d345', 'MALE', 9717489989, 'Delhi', 'India', NULL, 'JDee Consulting', NULL, 0, 1, 0, 0, '2022-08-31 10:30:49', '2022-09-02 05:52:41'),
(20, 'Sunil', 'Kumar', 'sunilghodewal1@gmail.com', 'abbd797f2993dcaa700ce70f2a709c73853c1d75aa1e344333c21ba9af13c0f9', 'MALE', 7065580947, 'Gurgaon', 'India', 'img-1661963263991-738425450.jpg', 'Real Jobs Consulting Services', 'Founder', 0, 1, 1, 1, '2022-08-31 16:26:21', '2022-11-08 05:15:31'),
(21, 'Manoj', 'K', 'manoj@hiregis.com', 'a99ae9c4f14d61ec04739af57dc1a1d653678242bfcfc0175e3b80c359efbe73', 'MALE', 8247633938, NULL, NULL, NULL, 'Hiregis (True Connect)', NULL, 0, 1, 0, 0, '2022-09-01 17:06:20', '2022-09-01 17:06:20'),
(22, 'Darshana', 'Sheth', 'dsheth@takshconsultancy.com', '45b39dd0834fbfaf897360e4d0597530a45cbc22239c305b6cc242aa6da1e461', 'MALE', 7715970441, 'Mumbai ', 'Maharashtra', NULL, 'TAKSH Consultancy Services LTD', NULL, 0, 1, 0, 0, '2022-09-10 08:38:30', '2022-09-10 08:39:55'),
(23, 'Arabinda', 'Das', 'arabindadasemail@gmail.com', '082bee354d98d3cdfede0ffc9d26844343ced8f46a383ffb9580e4a3aef633c4', 'MALE', 8076069649, 'Bhadrak', 'India', NULL, '', NULL, 0, 1, 0, 0, '2022-09-15 13:24:05', '2022-09-23 16:27:51'),
(25, 'Rajkumar', 'agarwal', 'raj.aga85@gmail.com', 'e66c99f1c8224a924765891bfc8692b831714cc81ae349daacbfe0fe765cc880', 'MALE', 9718183195, 'Noida', NULL, 'img-1663650363474-733361115.png', 'CareerGrade Consulting Services', 'Director', 0, 1, 0, 0, '2022-09-20 05:03:39', '2022-09-20 05:54:25'),
(26, 'test', 'test', 'testvendor1@gmail.com', '31b04b0b8353ffb49f6c8df4aab90f8ed8f4eb89cf36a9c46648b3572088589d', 'MALE', 8630877206, NULL, NULL, NULL, 'Xyz', NULL, 0, 0, 0, 0, '2022-09-20 17:01:46', '2022-09-20 17:01:46'),
(27, 'test', 'test', 'testvendor2@gmail.com', '31b04b0b8353ffb49f6c8df4aab90f8ed8f4eb89cf36a9c46648b3572088589d', 'MALE', 8630877206, NULL, NULL, NULL, 'xyz', NULL, 0, 1, 0, 0, '2022-09-20 17:02:45', '2022-09-20 17:02:45'),
(28, 'Vishal', 'Solanki', 'vishal@cloudhireemployee.com', '2403806a78fe5fa4ec87ebcac075088f27784073ddf60ecf82e9486793e8b9c3', 'MALE', 8287267711, NULL, NULL, NULL, 'Cloud hire Employee Private Limited', 'CEO', 0, 1, 1, 1, '2022-09-21 06:00:45', '2022-11-07 06:47:59'),
(29, 'test', 'test 2', 'testervendor3@haldivita.com', '31b04b0b8353ffb49f6c8df4aab90f8ed8f4eb89cf36a9c46648b3572088589d', 'MALE', 7657464755, NULL, NULL, NULL, 'Test', NULL, 0, 1, 1, 0, '2022-09-21 16:38:22', '2022-10-12 12:51:39'),
(30, 'Tushar', 'Sharma', 'tushar2003sharma23@gmail.com', 'e3b0bec26a3a18761a0ebb1e458906ac879ad7612cec8529f62601f4ad9fe1f6', 'MALE', 7412589630, NULL, NULL, NULL, 'litehires', NULL, 0, 0, 0, 0, '2022-09-22 07:00:13', '2022-09-22 07:00:13'),
(31, 'Vendor', '4', 'testervendor4@gmail.com', '31b04b0b8353ffb49f6c8df4aab90f8ed8f4eb89cf36a9c46648b3572088589d', 'MALE', 8630877206, NULL, NULL, NULL, 'test company', NULL, 0, 1, 1, 1, '2022-09-22 16:41:59', '2022-09-23 16:19:50'),
(32, 'Test', 'client', 'testerclient1@gmail.com', '31b04b0b8353ffb49f6c8df4aab90f8ed8f4eb89cf36a9c46648b3572088589d', 'MALE', 8630877306, NULL, NULL, NULL, 'Test company', NULL, 0, 0, 0, 0, '2022-09-22 17:01:32', '2022-09-22 17:01:32'),
(33, 'Ankit', 'Khanduri', 'ankit.khanduri@litehires.com', '20882b2f4ef72a447dad3113080790c1b52f0717b6513c578388678920e6ccf1', 'MALE', 8630877206, NULL, NULL, NULL, 'Litehires', NULL, 0, 0, 0, 0, '2022-09-23 16:03:12', '2022-11-04 06:18:00'),
(34, 'test', 'Vendor 5', 'testervendor5@gmail.com', '31b04b0b8353ffb49f6c8df4aab90f8ed8f4eb89cf36a9c46648b3572088589d', 'MALE', 8758677756, NULL, NULL, NULL, 'Test vendor 5', NULL, 0, 1, 1, 1, '2022-09-23 16:24:55', '2022-09-24 06:25:08'),
(35, 'test', 'vendor 6', 'testervendor6@gmail.com', '31b04b0b8353ffb49f6c8df4aab90f8ed8f4eb89cf36a9c46648b3572088589d', 'MALE', 8765654434, NULL, NULL, NULL, ' ', NULL, 0, 1, 1, 1, '2022-09-23 16:28:41', '2022-09-27 09:16:35'),
(36, 'Prakhar', 'Singh', 'cwc@gmail.com', '2893a50ec0818355a6dfd99026691fb544c25bdb103cbfd5d1ac30f01409e5ab', 'MALE', 9865321478, NULL, NULL, NULL, 'CWC', NULL, 0, 0, 0, 0, '2022-09-26 16:30:07', '2022-09-26 16:30:07'),
(37, 'Ankit', 'Test', 'ankit@gmail.com', 'b3bb6dd8444c69ba0ad38f4ef1ffc5172faeda34339fdc3f5f8cf8e94d34f335', 'MALE', 8765655457, NULL, NULL, NULL, 'Test company', NULL, 0, 0, 0, 0, '2022-09-27 14:33:13', '2022-09-27 14:33:13'),
(38, 'test', 'vendor7', 'testervendor7@gmail.com', '31b04b0b8353ffb49f6c8df4aab90f8ed8f4eb89cf36a9c46648b3572088589d', 'MALE', 7666776564, NULL, NULL, NULL, 'Test vendor 7', NULL, 0, 1, 0, 0, '2022-09-27 15:01:05', '2022-09-27 15:01:05'),
(39, 'SHRUTI', '.', 'svstaffingagency@gmail.com', 'f01c07da9fc8bb7cb448e8353b09e878a730926defe170392bdb1dd9c4fa4c61', 'MALE', 7303347359, NULL, NULL, 'img-1664471377445-659850464.png', 'S&V STAFFING AGENCY', NULL, 0, 1, 1, 0, '2022-09-29 16:57:36', '2022-09-29 17:09:37'),
(40, 'Test Vendor ', '7', 'testvendor7@gmail.com', '31b04b0b8353ffb49f6c8df4aab90f8ed8f4eb89cf36a9c46648b3572088589d', 'MALE', 8630877206, NULL, NULL, NULL, 'Test vendor 7 company', NULL, 0, 1, 1, 1, '2022-10-06 05:57:02', '2022-10-06 06:02:30'),
(41, 'Vishal', 'Sharma', 'joyobic393@cebaike.com', '76355369cb7d1763623e8d2cff99425bb3e2249caf411dd43d16bab9363d231f', 'MALE', 9865875145, NULL, NULL, NULL, 'startup', NULL, 0, 1, 1, 0, '2022-10-10 08:21:43', '2022-10-10 08:22:28'),
(42, 'Bunty', 'Bhandari', 'hr@rekrut.co.in', 'd1b2b1fdc8cde0b6b5d8342c669b7d44c176bd33548843cf76f9676a14033b4b', 'MALE', 8356954665, NULL, NULL, NULL, 'Rekrut World', NULL, 0, 1, 1, 0, '2022-11-01 06:34:58', '2022-11-01 06:35:46'),
(43, 'test', 'user 8', 'testvendor8@gmail.com', '31b04b0b8353ffb49f6c8df4aab90f8ed8f4eb89cf36a9c46648b3572088589d', 'MALE', 8630887726, NULL, NULL, NULL, 'Test company', NULL, 0, 1, 1, 1, '2022-11-01 11:45:20', '2022-11-01 11:47:10'),
(44, 'Sandra', 'Mesipuu', 'sandra.mesipuu@gmail.com', 'b6070d183e8806cea0ab97966ea1e9ea3deaacdc735bc3dbfd0d9ffd0602ce47', 'MALE', 3725087943, NULL, NULL, NULL, 'Mesipuu Grupp O', NULL, 0, 1, 0, 0, '2022-11-03 19:16:01', '2022-11-03 19:16:01'),
(45, 'Eshika', 'Sachdeva', 'eshika@peoplelabsinc.com', 'c5c0c369b6fdfbd92474acf57a9f2fce4d0a5c33809433643d6576125a00316e', 'MALE', 8458951815, NULL, NULL, NULL, 'People Lab Sinc', NULL, 0, 1, 1, 1, '2022-11-04 08:35:17', '2022-11-04 09:02:33'),
(46, 'Neha', 'Thimmaiah', 'nehathimmaiah.a@simplify3x.com', '5e45756cd644bdf5c8f24e07a05396f6b5b8e014bf7b8c9768caa0113acb8aa2', 'MALE', 1234567890, NULL, NULL, NULL, 'Siimplify3X', NULL, 0, 0, 0, 0, '2022-11-04 10:06:02', '2022-11-04 10:06:02'),
(47, 'Jatin', 'parmar', 'jatin.parmar7756@gmail.com', '733ab6cc841ea180ebded902946953c2b4353e7e1724ad4efcb18afbc594e747', 'MALE', 9924953836, NULL, NULL, NULL, 'Career Staffing Solutions', NULL, 0, 1, 1, 1, '2022-11-07 05:13:52', '2022-11-07 05:19:30'),
(48, 'Mohammed', 'Kashif', 'kashif@aspiretechnologies.net', '05353d63a78e0d3adc95d900b7804d6a8a486e0e4eefdd7f4d7896ad597fea99', 'MALE', 9535724807, NULL, NULL, NULL, 'Aspire Technologies', NULL, 0, 1, 1, 1, '2022-11-07 06:39:57', '2022-11-07 06:46:43'),
(49, 'Navnesh', 'Sahani', 'official@opportunityhubb.com', '385f1351f4effa3bde4e318677ac863c7d7d1d686eb9545bb4107f4daff76ada', 'MALE', 7417076000, 'Noida, Uttar Pradesh', 'United States', NULL, 'Opportunity Hub Management Services', NULL, 0, 1, 1, 1, '2022-11-07 07:02:38', '2022-11-07 07:26:06'),
(50, 'SHRUTI', 'rangar', 'hr@svstaffingagency.co.in', '5ec96fce17f66cc63247d6f46d086d145f89e96f7333579d7a0049f40ee5b63f', 'MALE', 9319018907, NULL, NULL, NULL, 'S&V STAFFING AGENCY', NULL, 0, 1, 1, 1, '2022-11-07 10:59:06', '2022-11-08 05:43:28'),
(51, 'Sangeeta ', 'Kumari', 'sangeeta@hrefinfotech.com', '38cdd6343e4104f1dc661eaf96096814d404b001f3c0d50a15e1a66c851dcf02', 'MALE', 9351775275, NULL, NULL, NULL, 'HREF INFO TECH', NULL, 0, 1, 1, 1, '2022-11-07 13:42:04', '2022-11-08 05:43:37'),
(52, 'Neha ', 'Mishra', 'neha.mishra@shodhshala.com', '8d2bc3aba2eed1234862607a5730f37050a711797bbf43df445436d44c8bde43', 'MALE', 7906254110, NULL, NULL, NULL, 'Shodhshala innotech pvt Ltd ', NULL, 0, 1, 1, 1, '2022-11-08 06:08:44', '2022-11-08 06:36:18'),
(53, 'test', 'user', 'test@gmail.com', '9a3844fc53e754837f25753c4dc390a2e09c11a31e9264c5f764f728ac4e01bf', 'MALE', NULL, NULL, NULL, NULL, NULL, NULL, 0, 0, 0, 0, '2022-11-08 08:30:20', '2022-11-08 08:30:20'),
(54, 'Dzire', 'Services', 'hrmanager@dzireservices.com', '8798bea4371b63c425baf409392e1f492d01c3a8f16f5e6ca6d37ce786147c51', 'MALE', 9606933277, NULL, NULL, NULL, 'Dzire services', NULL, 0, 1, 1, 1, '2022-11-09 05:50:40', '2022-11-09 06:21:15'),
(55, 'Hirepool ', 'Recruitment', 'hr@hirepool.in', 'ce5fb0492ce1509367ef6863dd85667631ddb2c6799b64c441258290f3b2b3fd', 'MALE', 9780080810, NULL, NULL, NULL, 'Hirepool', NULL, 0, 1, 1, 1, '2022-11-09 06:04:28', '2022-11-09 06:21:15');
COMMIT;

/*!40101 SET CHARACTER_SET_CLIENT=@OLD_CHARACTER_SET_CLIENT */;
/*!40101 SET CHARACTER_SET_RESULTS=@OLD_CHARACTER_SET_RESULTS */;
/*!40101 SET COLLATION_CONNECTION=@OLD_COLLATION_CONNECTION */;
